keyword,translated_keyword
ä¸€æµ,First class
ä¸€æµ ä½ç½®,First-class location
ä¸€æµ ä¿æ´,First-class cleaning
ä¸€æµ å«ç”Ÿ,First-class hygiene
ä¸€æµ å“è´¨,First-class quality
ä¸€æµ åœ°æ®µ,First class location
ä¸€æµ å¤œæ™¯,First-class night view
ä¸€æµ æ€åº¦,First-class attitude
ä¸€æµ æ€§ä»·æ¯”,First-class value for money
ä¸€æµ æˆ¿é—´,First class room
ä¸€æµ æ–¹é¢,First-class aspect
ä¸€æµ æ—©é¤,Superb breakfast
ä¸€æµ æ™¯,First-class view
ä¸€æµ æ™¯è‰²,First-class scenery
ä¸€æµ æ™¯è§‚,First-class landscape
ä¸€æµ æœåŠ¡,First-class service
ä¸€æµ æ°´å‡†,First-class level
ä¸€æµ æ°´å¹³,First-class level
ä¸€æµ æµ·æ™¯,Superb sea view
ä¸€æµ ç¯å¢ƒ,First-class environment
ä¸€æµ ç¡¬ä»¶,First-class hardware
ä¸€æµ è®¾æ–½,First-class facilities
ä¸€æµ è®¾è®¡,First-class design
ä¸€æµ è´¨é‡,Top quality
ä¸€æµ è½¯ä»¶,First-class software
ä¸€æµ é‚£,First class that
ä¸€æµ é…’åº—,First class hotel
ä¸€æµ é£æ™¯,First-class scenery
ä¸€èˆ¬,general
ä¸€èˆ¬ ä¸€èˆ¬,General general
ä¸€èˆ¬ ä¸è¶³,Generally insufficient
ä¸€èˆ¬ ä¸œ,General east
ä¸€èˆ¬ ä¸œè¥¿,General stuff
ä¸€èˆ¬ äº¤é€š,General traffic
ä¸€èˆ¬ äºº,normal person
ä¸€èˆ¬ ä»·æ ¼,General price
ä¸€èˆ¬ ä½ç½®,General location
ä¸€èˆ¬ ä½å®¿,General accommodation
ä¸€èˆ¬ å…¶å®ƒ,General other
ä¸€èˆ¬ å«ç”Ÿ,General hygiene
ä¸€èˆ¬ å°è±¡,General impression
ä¸€èˆ¬ å£å‘³,General taste
ä¸€èˆ¬ å£æ„Ÿ,General taste
ä¸€èˆ¬ å‘¨å›´,General vicinity
ä¸€èˆ¬ å‘³é“,General taste
ä¸€èˆ¬ å“ç‰Œ,General brand
ä¸€èˆ¬ å“ç§,General variety
ä¸€èˆ¬ å“è´¨,General quality
ä¸€èˆ¬ åœ°æ–¹,General place
ä¸€èˆ¬ åœ°æ®µ,General location
ä¸€èˆ¬ åœ°ç‚¹,General location
ä¸€èˆ¬ å¤§å…,General lobby
ä¸€èˆ¬ å¤§å°,General size
ä¸€èˆ¬ å¥½,Fair good
ä¸€èˆ¬ å®µå¤œ,Average supper
ä¸€èˆ¬ å®¾é¦†,General Hotel
ä¸€èˆ¬ å°,Average small
ä¸€èˆ¬ å¸Œå°”é¡¿,General Hilton
ä¸€èˆ¬ åºŠ,Average bed
ä¸€èˆ¬ æ€åº¦,General attitude
ä¸€èˆ¬ æ€§ä»·æ¯”,Average value for money
ä¸€èˆ¬ æ€»ä½“,General overall
ä¸€èˆ¬ æƒ…å†µ,generally
ä¸€èˆ¬ æ„Ÿè§‰,General feeling
ä¸€èˆ¬ æˆ¿é—´,Average room
ä¸€èˆ¬ æ•ˆæœ,General effect
ä¸€èˆ¬ æ–¹é¢,General aspect
ä¸€èˆ¬ æ—…é¦†,General Hotel
ä¸€èˆ¬ æ—¥æœ¬,General Japan
ä¸€èˆ¬ æ—©æ™¨,Average morning
ä¸€èˆ¬ æ—©é¤,Average breakfast
ä¸€èˆ¬ æ—©é¥­,Average breakfast
ä¸€èˆ¬ æ™šé¤,Average dinner
ä¸€èˆ¬ æ™¯è‰²,General scenery
ä¸€èˆ¬ æ™¯è§‚,General landscape
ä¸€èˆ¬ æœåŠ¡,General service
ä¸€èˆ¬ æ¡ä»¶,General condition
ä¸€èˆ¬ æ¯”è¾ƒ,General comparison
ä¸€èˆ¬ æ°´å‡†,Average level
ä¸€èˆ¬ æ°´å¹³,The general level
ä¸€èˆ¬ æ°´è´¨,General water quality
ä¸€èˆ¬ æ²™æ»©,Average beach
ä¸€èˆ¬ æµ·æ°´,General sea water
ä¸€èˆ¬ æ¸©æ³‰,General hot spring
ä¸€èˆ¬ çŠ¶å†µ,General condition
ä¸€èˆ¬ ç¯å¢ƒ,General environment
ä¸€èˆ¬ ç”¨å“,General supplies
ä¸€èˆ¬ çœŸå¿ƒ,So honest
ä¸€èˆ¬ ç¡¬ä»¶,General hardware
ä¸€èˆ¬ ç§ç±»,General type
ä¸€èˆ¬ ç¨‹åº¦,Average
ä¸€èˆ¬ ç©ºæ°”,General air
ä¸€èˆ¬ ç©ºé—´,General space
ä¸€èˆ¬ ç¼ºç‚¹,General disadvantages
ä¸€èˆ¬ ç½‘é€Ÿ,General Internet speed
ä¸€èˆ¬ è‡ªåŠ©é¤,Average buffet
ä¸€èˆ¬ è‹±æ–‡,General English
ä¸€èˆ¬ è‹±è¯­,General English
ä¸€èˆ¬ è£…ä¿®,General decoration
ä¸€èˆ¬ è®¾å¤‡,General equipment
ä¸€èˆ¬ è®¾æ–½,General facilities
ä¸€èˆ¬ è¯,General
ä¸€èˆ¬ è´¨é‡,General quality
ä¸€èˆ¬ è´­ç‰©,General shopping
ä¸€èˆ¬ é€‰æ‹©,General choice
ä¸€èˆ¬ é…’åº—,Average hotel
ä¸€èˆ¬ éš”éŸ³,Soundproof
ä¸€èˆ¬ éœ€æ±‚,General demand
ä¸€èˆ¬ é¢ç§¯,General area
ä¸€èˆ¬ é£æ™¯,Average scenery
ä¸€èˆ¬ é£Ÿç‰©,General food
ä¸€èˆ¬ é¤å…,Average restaurant
ä¸€èˆ¬ é¤é¥®,General Dining
ä¸€èˆ¬ é¥­åº—,Average restaurant
ä¸ ä¸€æµ,Not superb
ä¸ ä¸€èˆ¬,abnormal
ä¸ ä¸é”™,Not good
ä¸ ä¸­æ–‡,No Chinese
ä¸ ä½,Not live
ä¸ ä¾¿åˆ©,Not convenient
ä¸ å«ç”Ÿ,Unsanitary
ä¸ å¯ä»¥,No
ä¸ åƒ,Don't eat
ä¸ åœ°æ–¹,Not place
ä¸ å,Not sitting
ä¸ å¤š,not much
ä¸ å¤§,Not big
ä¸ å¥½åƒ,unpalatable
ä¸ å¹²å‡€,Not clean
ä¸ æ¨è,Not recommended
ä¸ æ–°,Not new
ä¸ æ—¥å¼,Not Japanese
ä¸ æ£’,Not great
ä¸ æ¼‚äº®,Not pretty
ä¸ çƒ­æƒ…,Not passionate
ä¸ çœ‹åˆ°,Not see
ä¸ ç®—,Not count
ä¸ èƒ½,Can't
ä¸ èˆ’æœ,Uncomfortable
ä¸ è§,Not see
ä¸ è®¢,Not order
ä¸ è¯´,Did not say
ä¸ è´­ç‰©,Not shopping
ä¸ èµ,Not like
ä¸ è¿‡,But
ä¸ è¿‘,not near
ä¸ è¿œ,Not far
ä¸ é€‰æ‹©,Not choose
ä¸ é—®é¢˜,No problem
ä¸ é™ˆæ—§,Not old
ä¸ éœ€è¦,Not needed
ä¸é”™,Not bad
ä¸é”™ ....,Not bad...
ä¸é”™ ä¸€åˆ‡,Good everything
ä¸é”™ ä¸é”™,Not bad
ä¸é”™ ä¸œè¥¿,Good thing
ä¸é”™ ä¸¤,Good two
ä¸é”™ ä¸­å¿ƒ,Nice center
ä¸é”™ ä¸­æ–‡,Good Chinese
ä¸é”™ ä¸»æ¥¼,Good main building
ä¸é”™ ä¹‹ä¸€,Nice one
ä¸é”™ äº”æ˜Ÿ,Good five stars
ä¸é”™ äº¤é€š,Good traffic
ä¸é”™ äº§å“,Good product
ä¸é”™ äº«å—,Nice enjoy
ä¸é”™ äºº,Nice people
ä¸é”™ äººå‘˜,Nice staff
ä¸é”™ äººé—´,Nice world
ä¸é”™ ä»€ä¹ˆ,Not bad what
ä¸é”™ ä»£,Good generation
ä¸é”™ ä»·,Good price
ä¸é”™ ä»·ä½,Good price
ä¸é”™ ä»·æ ¼,Good price
ä¸é”™ ä»·é’±,Good price
ä¸é”™ ä¼˜åŠ¿,Good advantage
ä¸é”™ ä½å­,Nice seat
ä¸é”™ ä½ç½®,Good location
ä¸é”™ ä½,Good live
ä¸é”™ ä½å®…,Good residential
ä¸é”™ ä½å®¿,Good accommodation
ä¸é”™ ä½“éªŒ,Good experience
ä¸é”™ ä¿å…»,Good maintenance
ä¸é”™ ä¿æŒ,Good keep
ä¸é”™ ä¿¡å·,Good signal
ä¸é”™ åš,Good do
ä¸é”™ å…³é”®,Good key
ä¸é”™ å…¶ä»–,Good other
ä¸é”™ å…¶ä½™,Good rest
ä¸é”™ å…¶å®ƒ,Good other
ä¸é”™ å†…å®¹,Good content
ä¸é”™ å†…éƒ¨,Nice internal
ä¸é”™ å‡ºå“,Not bad
ä¸é”™ å‡ºè¡Œ,Not bad travel
ä¸é”™ åˆ«çš„,Good other
ä¸é”™ å‰å°,Good front desk
ä¸é”™ åŒº,Nice area
ä¸é”™ å«ç”Ÿ,Good health
ä¸é”™ å«ç”Ÿé—´,Nice bathroom
ä¸é”™ å°è±¡,Good impression
ä¸é”™ å…,Nice hall
ä¸é”™ å»å¤„,Good place
ä¸é”™ åå“,Good response
ä¸é”™ ååº”,Good response
ä¸é”™ åé¦ˆ,Good feedback
ä¸é”™ å£å‘³,Good taste
ä¸é”™ å°,Not bad
ä¸é”™ åƒ,Good eat
ä¸é”™ åƒé¥­,Good meal
ä¸é”™ å•,Not bad Lv
ä¸é”™ å¹é£æœº,Nice hair dryer
ä¸é”™ å‘¨å›´,Good around
ä¸é”™ å‘¨è¾¹,Good surrounding
ä¸é”™ å‘³é“,Good taste
ä¸é”™ å’–å•¡,Good coffee
ä¸é”™ å’–å•¡é¦†,Nice cafe
ä¸é”™ å“,Good product
ä¸é”™ å“ç‰Œ,Good brand
ä¸é”™ å“è´¨,Good quality
ä¸é”™ å“’,Not bad
ä¸é”™ å“Ÿ,not bad
ä¸é”™ å“¦,not bad
ä¸é”™ å•†ä¸š,Good business
ä¸é”™ å•†ä¸šè¡—,Good commercial street
ä¸é”™ å•†åœº,Nice mall
ä¸é”™ å•†åº—,Nice shop
ä¸é”™ å™¢,Not bad oh
ä¸é”™ åœ°,Nicely
ä¸é”™ åœ°å€,Nice address
ä¸é”™ åœ°æ–¹,Nice place
ä¸é”™ åœ°æ®µ,Good location
ä¸é”™ åœ°ç‚¹,Good location
ä¸é”™ åœ°ç†,Good geography
ä¸é”™ åœ°è§’,Not bad
ä¸é”™ åœ°é“,Good subway
ä¸é”™ åœ°é“ç«™,Good subway station
ä¸é”™ å¤–æ™¯,Good location
ä¸é”™ å¤–è§‚,Good appearance
ä¸é”™ å¤œæ™¯,Good night view
ä¸é”™ å¤§å ‚,Nice lobby
ä¸é”™ å¤§å°,Good size
ä¸é”™ å¥—é¤,Good set meal
ä¸é”™ å¥½,Good good
ä¸é”™ å­©å­,Nice kid
ä¸é”™ å®‰å…¨,Good safe
ä¸é”™ å®æƒ ,Good affordable
ä¸é”™ å®¢æˆ¿,Nice rooms
ä¸é”™ å®¶,Good home
ä¸é”™ å®¾é¦†,Nice hotel
ä¸é”™ å¯¹é¢,Good opposite
ä¸é”™ å¯¿å¸,Good sushi
ä¸é”™ å°,Nice small
ä¸é”™ å°åº—,Nice shop
ä¸é”™ å°æ ·,Good sample
ä¸é”™ å±…é…’å±‹,Good izakaya
ä¸é”™ å¸ƒå±€,Nice layout
ä¸é”™ å¸Œå°”é¡¿,Good hilton
ä¸é”™ å¸®,Good help
ä¸é”™ åºŠ,Nice bed
ä¸é”™ åº—,Nice shop
ä¸é”™ åº­é™¢,Nice courtyard
ä¸é”™ å½±åƒ,Good image
ä¸é”™ æ€åº¦,Good attitude
ä¸é”™ æ€§ä»·æ¯”,Good value for money
ä¸é”™ æ€»ä½“,Good overall
ä¸é”™ æƒ…å†µ,Good situation
ä¸é”™ æ„Ÿå—,Good feeling
ä¸é”™ æ„Ÿè§‰,Good feeling
ä¸é”™ æˆ‘,Good i
ä¸é”™ æˆ‘ä»¬,Good we
ä¸é”™ æˆ¿,Nice room
ä¸é”™ æˆ¿ä»·,Good price
ä¸é”™ æˆ¿é—´,Nice room
ä¸é”™ æ‹‰é¢,Good ramen
ä¸é”™ æŒ‰æ‘©æ¤…,Nice massage chair
ä¸é”™ æ¨è,Good recommended
ä¸é”™ æ”¾å‡,Good holiday
ä¸é”™ æ•ˆæœ,Good effect
ä¸é”™ æ•´ä½“,Good overall
ä¸é”™ æ–™,Not bad
ä¸é”™ æ–™ç†,Good cuisine
ä¸é”™ æ–¹ä¾¿,Good convenient
ä¸é”™ æ–¹é¢,Good aspect
ä¸é”™ æ—è¾¹,Not bad next to
ä¸é”™ æ—…æ¸¸,Nice tourist
ä¸é”™ æ—…è¡Œ,Nice travel
ä¸é”™ æ—…é¦†,Nice hotel
ä¸é”™ æ—¥æœ¬,Nice japanese
ä¸é”™ æ—¥èˆª,Good Nikko
ä¸é”™ æ—©æ­º,Good morning
ä¸é”™ æ—©é¤,Good breakfast
ä¸é”™ æ—©é¥­,Good breakfast
ä¸é”™ æ™šé¤,Good dinner
ä¸é”™ æ™šé¥­,Good dinner
ä¸é”™ æ™¯,Good view
ä¸é”™ æ™¯ç‚¹,Good attractions
ä¸é”™ æ™¯è‰²,Nice view
ä¸é”™ æ™¯è§‚,Nice landscape
ä¸é”™ æœ‹å‹,Nice friend
ä¸é”™ æœåŠ¡,Good service
ä¸é”™ æœåŠ¡ä¸š,Service industry
ä¸é”™ æœåŠ¡å‘˜,Nice waiter
ä¸é”™ æœ¬èº«,Not bad itself
ä¸é”™ æ‘,Nice village
ä¸é”™ æ¡ä»¶,Good condition
ä¸é”™ æ¡£æ¬¡,Not bad grade
ä¸é”™ æ¥¼,Good floor
ä¸é”™ æ¥¼ä¸‹,Good downstairs
ä¸é”™ æ¥¼å±‚,Good floor
ä¸é”™ æ°›å›´,Nice atmosphere
ä¸é”™ æ°´å‡†,Good standard
ä¸é”™ æ°´å¹³,Good level
ä¸é”™ æ°´æœ,Good fruit
ä¸é”™ æ±‰è¯­,Good Chinese
ä¸é”™ æ±¤,Good soup
ä¸é”™ æ²™æ»©,Nice beach
ä¸é”™ æ³¡æ±¤,Good bathing
ä¸é”™ æ³³æ± ,Nice swimming pool
ä¸é”™ æ´åº¦,Good cleanliness
ä¸é”™ æ´—è¡£æœº,Good washing machine
ä¸é”™ æµ´åœº,Nice bath
ä¸é”™ æµ´å®¤,Nice bathroom
ä¸é”™ æµ´ç¼¸,Nice bathtub
ä¸é”™ æµ·æ™¯,Nice sea view
ä¸é”™ æµ·æ´‹é¦†,Good aquarium
ä¸é”™ æ¸…ä»“,Good clearance
ä¸é”™ æ¸©æ³‰,Nice spa
ä¸é”™ æ¸¸æ³³æ± ,Nice swimming pool
ä¸é”™ æ»´,Nice drop
ä¸é”™ æ¾¡å ‚,Nice bathhouse
ä¸é”™ ç°,Good gray
ä¸é”™ ç‚¹,Good point
ä¸é”™ çƒ¤è‚‰åº—,Good rotisserie
ä¸é”™ çƒ§è‚‰,Good roast pork
ä¸é”™ çƒ­æƒ…,Good enthusiasm
ä¸é”™ çƒ­æ±¤,Good hot soup
ä¸é”™ çƒ­æµ·,Not bad Atami
ä¸é”™ ç‰Œå­,Good brand
ä¸é”™ ç‰›å¥¶,Good milk
ä¸é”™ ç‰›è‚‰,Good beef
ä¸é”™ çŠ¶å†µ,Good condition
ä¸é”™ ç¯å¢ƒ,Good environment
ä¸é”™ ç­è½¦,Nice shuttle
ä¸é”™ ç”œå“,Nice dessert
ä¸é”™ ç”œç‚¹,Nice dessert
ä¸é”™ ç”¨å…·,Good utensils
ä¸é”™ ç”¨å“,Good supplies
ä¸é”™ ç™¾è´§,Good department store
ä¸é”™ çœŸ,Not bad really
ä¸é”™ çœŸå¿ƒ,Not bad really
ä¸é”™ ç¡¬ä»¶,Good hardware
ä¸é”™ ç¦»å¿ƒæ–‹æ¡¥,Itâ€™s not bad.
ä¸é”™ ç§ç±»,Good type
ä¸é”™ ç¨‹åº¦,Good degree
ä¸é”™ ç©ºæ°”,Nice air
ä¸é”™ ç©ºé—´,Nice space
ä¸é”™ çª—æˆ·,Nice windows
ä¸é”™ ç®¡ç†,Good management
ä¸é”™ ç»†èŠ‚,Nice details
ä¸é”™ ç»´æŠ¤,Good maintenance
ä¸é”™ ç½‘ç»œ,Good network
ä¸é”™ ç¾é£Ÿ,Good food
ä¸é”™ è‚‰é£Ÿ,Good meat
ä¸é”™ è‡ªåŠ©é¤,Good buffet
ä¸é”™ è‡ªå·±,Good oneself
ä¸é”™ èˆ’é€‚åº¦,Good comfort
ä¸é”™ èŠ±å›­,Nice garden
ä¸é”™ è‹±æ–‡,Good english
ä¸é”™ è‹±è¯­,Good english
ä¸é”™ èŒ¶,Good tea
ä¸é”™ è¡—æ™¯,Good street view
ä¸é”™ è£…ä¿®,Nice decoration
ä¸é”™ è¥¿é¤,Good western food
ä¸é”™ è§†é‡,Good view
ä¸é”™ è®¢,Good order
ä¸é”™ è®¾å¤‡,Good equipment
ä¸é”™ è®¾æ–½,Good facilities
ä¸é”™ è®¾è®¡,Nice design
ä¸é”™ è¯„ä»·,Good review
ä¸é”™ è¯,Good words
ä¸é”™ è´¨,Good quality
ä¸é”™ è´¨é‡,Good quality
ä¸é”™ è´­ç‰©,Good shopping
ä¸é”™ èµ°è·¯,Good walk
ä¸é”™ è¶…å¸‚,Nice supermarket
ä¸é”™ è·¯çº¿,Good route
ä¸é”™ è½®,Nice round
ä¸é”™ è½¯ä»¶,Good software
ä¸é”™ è½¯ç¡¬ä»¶,Good hardware and software
ä¸é”™ è¿æ°”,Good luck
ä¸é”™ è¿™ä¸ª,Not bad this
ä¸é”™ è¿™æ ·,Not bad like this
ä¸é”™ è¿™é‡Œ,Good here
ä¸é”™ é€‰æ‹©,Good choice
ä¸é”™ é€Ÿåº¦,Good speed
ä¸é”™ é‚£,Good that
ä¸é”™ é…å¥—,Good package
ä¸é”™ é…ç½®,Good configuration
ä¸é”™ é…’å§,Nice bar
ä¸é”™ é…’åº—,Nice hotel
ä¸é”™ é…’å»Š,Nice lounge
ä¸é”™ é‡‡å…‰,Good lighting
ä¸é”™ é‡Œé¢,Good inside
ä¸é”™ é‡,Good amount
ä¸é”™ é“æ¿çƒ§,Good teppanyaki
ä¸é”™ é—¨å£,Good doorway
ä¸é”™ é™„è¿‘,Not bad nearby
ä¸é”™ éš”ç¦»,Good isolation
ä¸é”™ éš”éŸ³,Good soundproof
ä¸é”™ é¢,Good noodles
ä¸é”™ é¢åŒ…åº—,Good bakery
ä¸é”™ é¢ç§¯,Good area
ä¸é”™ éŸ³å“,Good stereo
ä¸é”™ é¢„å®š,Good book
ä¸é”™ é£æ™¯,Nice scenery
ä¸é”™ é£æ ¼,Nice style
ä¸é”™ é£Ÿ,Good food
ä¸é”™ é£Ÿç‰©,Good food
ä¸é”™ é¤,Good meal
ä¸é”™ é¤å…,Nice restaurant
ä¸é”™ é¤é£Ÿ,Good meal
ä¸é”™ é¤é¥®,Good dining
ä¸é”™ é¤é¦†,Nice restaurant
ä¸é”™ é¥­,Good meal
ä¸é”™ é¥­å›¢,Good rice ball
ä¸é”™ é¥­åº—,Nice hotel
ä¸é”™ é¥­é¦†,Good restaurant
ä¸é”™ é¥®æ–™,Good drink
ä¸é”™ é¸¡è‚‰,Good chicken
ä¸é”™ é¸¡è›‹,Nice eggs
ä¸é”™ ï¼ï¼,Not bad! !
ä¸é”™ ğŸ‘,Not bad ğŸ‘
ä¸é”™ ğŸ˜Š,Not bad ğŸ˜Š
ä¸­æ–‡,Chinese
äº”æ˜Ÿçº§,Five star
äº”æ˜Ÿçº§ å“è´¨,Five-star quality
äº”æ˜Ÿçº§ å¤§å ‚,Five-star lobby
äº”æ˜Ÿçº§ å®¾é¦†,Five-star hotel
äº”æ˜Ÿçº§ æˆ¿é—´,Five-star room
äº”æ˜Ÿçº§ æ ‡å‡†,Five-star standard
äº”æ˜Ÿçº§ æ°´å¹³,Five-star level
äº”æ˜Ÿçº§ é…’åº—,five star hotel
äº¤é€š,traffic
äº«ç”¨,Enjoy
äººå‘˜,personnel
ä»·æ ¼,price
ä½,live
ä¾¿åˆ©,convenient
ä¾¿åˆ© ä¸­å¿ƒ,Convenience Center
ä¾¿åˆ© äº¤é€š,Convenient transportation
ä¾¿åˆ© ä»½,Convenience
ä¾¿åˆ© ä¼˜ç‚¹,Convenience
ä¾¿åˆ© ä½ç½®,Convenient location
ä¾¿åˆ© å…¬äº¤è½¦,Convenience
ä¾¿åˆ© å‡ºè¡Œ,Convenience
ä¾¿åˆ© å«ç”Ÿ,Convenience and hygiene
ä¾¿åˆ© åƒä½è¡Œ,Convenience
ä¾¿åˆ© åƒé¥­,Convenience
ä¾¿åˆ© å‘¨å›´,Convenience
ä¾¿åˆ© å‘¨è¾¹,Convenience
ä¾¿åˆ© å•†åœº,Convenience shopping mall
ä¾¿åˆ© å•†åº—,Convenience store
ä¾¿åˆ© åœ°æ–¹,Convenient place
ä¾¿åˆ© åœ°æ®µ,Convenience
ä¾¿åˆ© åœ°ç‚¹,Convenient location
ä¾¿åˆ© åœ°é“,Convenient subway
ä¾¿åˆ© åœ°é“ç«™,Convenient subway station
ä¾¿åˆ© å¤§å·´,Convenient bus
ä¾¿åˆ© å®¶,Convenience
ä¾¿åˆ© å¯¹é¢,Convenient opposite
ä¾¿åˆ© å±‹,Convenience
ä¾¿åˆ© å·´å£«,Convenient bus
ä¾¿åˆ© å·´å£«ç«™,Convenient bus stop
ä¾¿åˆ© åº—,Convenience store
ä¾¿åˆ© åº¦,Convenience
ä¾¿åˆ© æˆ¿é—´,Convenience Room
ä¾¿åˆ© æ—©é¤,Convenience breakfast
ä¾¿åˆ© æœåŠ¡,Convenience service
ä¾¿åˆ© æœºåœº,Convenience airport
ä¾¿åˆ© æ¥¼ä¸‹,Convenient downstairs
ä¾¿åˆ© æ­¥è¡Œ,Convenient on foot
ä¾¿åˆ© çƒ­æƒ…,Convenience and passion
ä¾¿åˆ© ç¯å¢ƒ,Convenient environment
ä¾¿åˆ© ç”Ÿæ´»,Convenient life
ä¾¿åˆ© ç«™,Convenience station
ä¾¿åˆ© ç½—æ£®,Convenience Rosen
ä¾¿åˆ© ç¾é£Ÿ,Convenience
ä¾¿åˆ© è®¾æ–½,Conveniences
ä¾¿åˆ© è´­ç‰©,Convenience shopping
ä¾¿åˆ© è¶…å¸‚,Convenience supermarket
ä¾¿åˆ© è½¦ç«™,Convenient station
ä¾¿åˆ© é…’åº—,Convenience Hotel
ä¾¿åˆ© é‡è¦,Convenient important
ä¾¿åˆ© é“çº¿,Convenience
ä¾¿åˆ© é™„è¿‘,Convenient nearby
ä¾¿åˆ© é¤é¥®,Convenience
ä¾¿åˆ© é¥®é£Ÿ,Convenience
ä¾¿åˆ© é¸¡,Convenience chicken
å†·æ·¡ å¤š,Much colder
å‡ºè¡Œ,Travel
åäºº,Chinese
å«ç”Ÿ,health
å¯ä»¥,can
åƒ,eat
å‘¨è¾¹,Surrounding
å›­æ—,garden
åœ°æ–¹,local
åœ°ç†,geography
åœ°é“,subway
åœ°é“ç«™,subway station
å,sit
å¡”æ¥¼,tower
å¤š,many
å¤š ä¸€,One more
å¤š ä¸‹é¢,More below
å¤š ä¸œè¥¿,Many things
å¤š ä¸­å›½,Much China
å¤š ä¹‹ç±»,Many things
å¤š ä¹˜å®¢,Multiple passengers
å¤š ä¹°,Buy more
å¤š äº¤é€š,More traffic
å¤š äº¤é€šè´¹,More transportation
å¤š äº¬éƒ½,Much Kyoto
å¤š äº®ç‚¹,Many highlights
å¤š äºº,Multiple people
å¤š äººå‘˜,Multiple people
å¤š äººå£«,Many people
å¤š äººæ•°,More people
å¤š äººé—´,Multiple room
å¤š ä»€ä¹ˆ,More what
å¤š ä»·,Multi-price
å¤š ä»·æ ¼,Much price
å¤š ä¼˜ç‚¹,Many advantages
å¤š ä½ç½®,Multiple locations
å¤š ä½,Live more
å¤š ä½å®¿,Multiple accommodation
å¤š ä¾¿åˆ©åº—,Convenience store
å¤š å…¬äº¤,Multiple bus
å¤š å…¬äº¤è½¦,Multiple buses
å¤š å…¬å¸,Multiple company
å¤š å…¬å›­,Multiple park
å¤š å†…åœ°,Much Mainland
å¤š å†…å®¹,Much content
å¤š å†¤æ‰è·¯,Much wrong way
å¤š å‡ºå£,More export
å¤š å‡ºå·®,More business trip
å¤š å‡ºé—¨,Go out more
å¤š åˆ†é’Ÿ,Many minutes
å¤š åŠå…¬å®¤,Multiple office
å¤š åŠå…¬æ¥¼,Office building
å¤š åŒº,Multi-zone
å¤š åäºº,Many Chinese
å¤š å•äººé—´,Multiple Single Room
å¤š å«ç”Ÿ,Much health
å¤š å«ç”Ÿé—´,Multiple toilets
å¤š åŸå› ,Many reasons
å¤š å»,More go
å¤š å£æ„Ÿ,More taste
å¤š å°æ¹¾äºº,Many Taiwanese
å¤š å°é˜¶,Multiple steps
å¤š åƒ,Eat more
å¤š åƒå–ç©ä¹,Eat and drink more
å¤š åƒé¥­,Eat more
å¤š åŒèƒ,Multiple siblings
å¤š åé¢,Much back
å¤š å‘¨å›´,Around
å¤š å‘¨è¾¹,Surrounding
å¤š å’–å•¡,More coffee
å¤š å’–å•¡é¦†,Multiple cafe
å¤š å“ç‰Œ,Multiple brands
å¤š å“ç§,multi breed
å¤š å“ç±»,Multiple categories
å¤š å•†ä¸šè¡—,Many commercial streets
å¤š å•†åœº,Many malls
å¤š å•†åŸ,Multiple mall
å¤š å•†å®¶,Multiple businesses
å¤š å•†åº—,Multiple stores
å¤š å•†æˆ·,Multiple merchants
å¤š å•†é“º,Multiple shops
å¤š å›¢é˜Ÿ,Multiple team
å¤š å›½äºº,Multinational
å¤š å›½å†…,Domestic
å¤š å›½å®¶,Many countries
å¤š åœ°æ–¹,Many places
å¤š åœ°ç‚¹,Multiple locations
å¤š åœ°é“,More subway
å¤š åœ°é“ç«™,Multiple subway station
å¤š å—,Multiple pieces
å¤š å¤„,Many places
å¤š å¤–å›½äºº,Many foreigners
å¤š å¤§,How big
å¤š å¤§å ‚,Multiple lobby
å¤š å¤§å·´,How big bus
å¤š å¥³å£«,Multiple ladies
å¤š å¥½,Much good
å¤š å¥½åƒ,So delicious
å¤š å¥½è¯„,Much praise
å¤š å­,Many sons
å¤š å­¦ç”Ÿ,Multiple students
å¤š å­©å­,Many kids
å¤š å®¢,Many customers
å¤š å®¢äºº,Multiple guests
å¤š å®¶åº­,Multiple families
å¤š å®½æ•,Much spacious
å¤š å°åƒ,Multiple snacks
å¤š å°åƒåº—,Multiple snack bar
å¤š å°åº—,Many small shops
å¤š å°æ—¶,More hours
å¤š å°é…’åº—,Much small hotel
å¤š å°é…’é¦†,Much tavern
å¤š å°±é¤,Eat more
å¤š å±‚,Multi-layer
å¤š å±…é…’å±‹,Multiple izakaya
å¤š å·¨,Much huge
å¤š å¸Œå°”é¡¿,Multiple hilton
å¤š å¹³æ–¹,Multi square
å¤š å¹³ç±³,Multiple square meters
å¤š åºŠ,Multiple beds
å¤š åº—,Multi shop
å¤š åº—å®¶,Many stores
å¤š åº—é“º,Multiple shops
å¤š å»ºç­‘,Multiple buildings
å¤š å¼€,More open
å¤š æ€åº¦,More attitude
å¤š æ€§ä»·æ¯”,Much cost-effective
å¤š æƒ…å†µ,Many situations
å¤š æƒ³è±¡,More imagination
å¤š æ„Ÿè§‰,Feel more
å¤š æˆ‘ä»¬,Much we
å¤š æˆ¿,Multiple rooms
å¤š æˆ¿ä»·,Multiple house prices
å¤š æˆ¿è´¹,More room rate
å¤š æˆ¿é—´,Multiple rooms
å¤š æŠ˜æ‰£,More discount
å¤š æŒ‡ç¤º,More instructions
å¤š æ’åº§,Multiple sockets
å¤š æ”¹è¿›,More improvement
å¤š æ•°,Most
å¤š æ•°é‡,Much quantity
å¤š æ–°å®¿ç«™,Shinjuku Station
å¤š æ–¹,Multiple
å¤š æ–¹ä¾¿,Much convenient
å¤š æ–¹é¢,Many aspects
å¤š æ—è¾¹,Much beside
å¤š æ—…å®¢,Multiple travelers
å¤š æ—…æ¸¸å›¢,Multiple tours
å¤š æ—…è¡Œå›¢,Multiple tours
å¤š æ—¥å…ƒ,Much yen
å¤š æ—¥å¸,Multi Japanese Yen
å¤š æ—¥æœ¬,Much japan
å¤š æ—©é¤,Multiple breakfast
å¤š æ—©é¥­,More breakfast
å¤š æ—¶å€™,Many times
å¤š æ—¶é—´,Much time
å¤š æ˜Ÿ,Many stars
å¤š æ™š,How late
å¤š æ™¯ç‚¹,Multiple attractions
å¤š æœ‰,Many have
å¤š æœ‹å‹,Many friends
å¤š æœåŠ¡,Multiple services
å¤š æœåŠ¡å‘˜,Multiple waiters
å¤š æœ¬èº«,Much itself
å¤š æœºåœº,Multiple airport
å¤š æ,Much lee
å¤š æ¥,More come
å¤š æ ·å­,Much look
å¤š æ ·å¼,Multiple styles
å¤š æ¡¥,Multi bridge
å¤š æ¥¼,Multi floor
å¤š æ¥¼ä¸‹,Downstairs
å¤š æ¬¾å¼,multiple styles
å¤š æ­¥è¡Œ,More walking
å¤š æ°´,Much water
å¤š æ°´æœ,Multiple fruits
å¤š æ²™æ»©,Much beach
å¤š æ´‹äºº,Many foreigners
å¤š æ´»åŠ¨,Multiple activities
å¤š æµæµªæ±‰,Multiple tramp
å¤š æ¸¸å®¢,Many tourists
å¤š æ½®,Much tide
å¤š ç°å°˜,Dusty
å¤š ç‰©å“,Multiple items
å¤š ç‰¹è‰²,Many features
å¤š ç©,Play more
å¤š ç¯å¢ƒ,Multiple environment
å¤š ç­æ¬¡,Multiple shifts
å¤š ç­è½¦,Multiple shuttle
å¤š ç”¨å“,More supplies
å¤š ç”µæ¢¯,Multiple elevators
å¤š ç™¾è´§,Department store
å¤š çœŸ,How true
å¤š ç§ç±»,Many kinds
å¤š ç©ºé—´,Multiple space
å¤š ç«™,More stations
å¤š ç®±å­,Multiple boxes
å¤š ç±³,Many meters
å¤š ç±»,Multiple types
å¤š çº¿,Multi-line
å¤š çº¿è·¯,Multiple lines
å¤š ç¼˜æ•…,More sake
å¤š ç¼ºç‚¹,Many disadvantages
å¤š ç¾äºº,How beautiful
å¤š ç¾å¥³,Many beauties
å¤š ç¾é£Ÿ,More gourmet
å¤š è€å¤–,Much foreigner
å¤š è€å¹´äºº,Multiple elderly
å¤š è‚¥ç‰›,More fat cow
å¤š èƒŒåŒ…å®¢,Multiple backpackers
å¤š èŠ±æ ·,Multiple
å¤š è¯å¦†,Multiple cosmeceuticals
å¤š è¯åº—,Multiple pharmacies
å¤š èœ,More dishes
å¤š èœå“,More dishes
å¤š è”¬èœ,More vegetables
å¤š è¡Œæ,Much luggage
å¤š è¡—,Multiple street
å¤š è¡£æœ,Multiple clothes
å¤š è¡£æŸœ,Multiple wardrobe
å¤š è¥¿,Dorsey
å¤š è®¾æ–½,Multiple facilities
å¤š è¯,Chatty
å¤š è´­ç‰©,More shopping
å¤š è´­ç‰©ç‚¹,More shopping spots
å¤š è¶…å¸‚,Multi supermarket
å¤š è·ç¦»,Multiple distance
å¤š è·¯,Multiple
å¤š è·¯çº¿,Multiple routes
å¤š è½¦,Multiple cars
å¤š è½¦å­,Many cars
å¤š è½¦æ¬¡,Multiple trains
å¤š è½¦ç«™,More station
å¤š è¾¹ä¸Š,Much side
å¤š é€‰æ‹©,multiple choice
å¤š é€‰æ‹©æ€§,Multiple selectivity
å¤š é€‰é¡¹,Multiple options
å¤š é€›,More shopping
å¤š é“é¡¿å €,Dotonbori
å¤š é…å¥—,More matching
å¤š é…’å§,Multiple bars
å¤š é…’åº—,Multiple hotels
å¤š é…’é¦†,Multiple pub
å¤š é‡Œé¢,Much inside
å¤š é‡,A lot
å¤š é’Ÿ,Many bells
å¤š é’±,Rich
å¤š é“¶åº§,More Ginza
å¤š é—¨å£,Multiple doorways
å¤š é—®é¢˜,Multiple problems
å¤š é™„è¿‘,Many nearby
å¤š é¢ç§¯,Much area
å¤š é¡¹ç›®,Multiple items
å¤š é¢„ç®—,More budget
å¤š é¢‘é“,Multiple channels
å¤š é£æ™¯,Many scenery
å¤š é£Ÿåº—,Many restaurants
å¤š é£Ÿç‰©,More food
å¤š é£Ÿè‚†,Many restaurants
å¤š é¤å…,Multiple restaurants
å¤š é¤é¥®,More meals
å¤š é¤é¥®åº—,Many restaurants
å¤š é¤é¦†,Many restaurants
å¤š é¥­åº—,Many restaurants
å¤š é¥­é¦†,Many restaurants
å¤š é¥®æ–™,Multiple drinks
å¤š é¥®é£Ÿ,More diet
å¤š é¥®é£Ÿåº—,Many restaurants
å¤š é«˜æ¥¼,Many tall buildings
å¤š ï¼ï¼,many ! !
å¤§,Big
å¤§ 1,Big 1
å¤§ 2,Big 2
å¤§ a,Big a
å¤§ c,Big c
å¤§ l,Large l
å¤§ o,Big o
å¤§ r,Big r
å¤§ s,Big s
å¤§ t,Big t
å¤§ ä¸€,Big one
å¤§ ä¸€äº›,Bigger
å¤§ ä¸€å¦‚æ—¢å¾€,Big as always
å¤§ ä¸€ç‚¹,bigger
å¤§ ä¸€ç‚¹ç‚¹,Big a little bit
å¤§ ä¸Š,Big up
å¤§ ä¸å°‘,A lot
å¤§ ä¸è¶³,Big insufficient
å¤§ ä¸é”™,Big good
å¤§ ä¸–ç•Œ,Big world
å¤§ ä¸œ,Dadong
å¤§ ä¸œäº¬,Greater Tokyo
å¤§ ä¸œè¥¿,Big stuff
å¤§ ä¸¤,Big two
å¤§ ä¸ª,Big one
å¤§ ä¸­å,Greater China
å¤§ ä¸­å›½,Great China
å¤§ ä¸­å¿ƒ,Big center
å¤§ ä¸­è½¬ç«™,Big transfer station
å¤§ ä¸»æ¥¼,Main building
å¤§ ä¹¦åº—,Big bookstore
å¤§ äº†,Big
å¤§ äº•ç”º,Oimachi
å¤§ äº•ç”ºç«™,Oimachi Station
å¤§ äº›,bigger
å¤§ äº¤é€š,Big traffic
å¤§ äº«å—,Great enjoyment
å¤§ äº¬éƒ½,Greater Kyoto
å¤§ äº¬éƒ½ç«™,Kyoto Station
å¤§ äº®ç‚¹,Big highlights
å¤§ äºº,grown ups
å¤§ äººå‘˜,Large staff
å¤§ äººå®¶,Lord
å¤§ äººé—´,Big world
å¤§ ä»€ä¹ˆ,Big what
å¤§ ä»“,Okura
å¤§ ä»¶,Large piece
å¤§ ä»·,Big price
å¤§ ä»·ä½,Big price
å¤§ ä»·æ ¼,Big price
å¤§ ä¼˜åŠ¿,Big advantage
å¤§ ä¼˜ç‚¹,Big advantage
å¤§ ä½ç½®,Great location
å¤§ ä½,Big live
å¤§ ä½™åœ°,Large room
å¤§ ä¾¿åˆ©,Great convenience
å¤§ åœè½¦åœº,Large parking lot
å¤§ å…¬äº¤,Big bus
å¤§ å…¬å¸,big company
å¤§ å…¬å›­,Big park
å¤§ å…¬å¯“,Large apartment
å¤§ å…³ç³»,Big relationship
å¤§ å…³é”®,Big key
å¤§ å†¬å¤©,Big winter
å¤§ å†°ç®±,Large refrigerator
å¤§ å‡ºå£,Big exit
å¤§ å‡ºæ°´é‡,Large water output
å¤§ å‡ºè¡Œ,Big trip
å¤§ å‡½é¦†,Great Hakodate
å¤§ åˆ†,Oita
å¤§ åˆ†ç«™,Osub Station
å¤§ å‰å°,Big front desk
å¤§ åŠ›åº¦,Great strength
å¤§ åŠ›æ°”,Great strength
å¤§ åŠ¨é™,Big movement
å¤§ åŒ…,Big bag
å¤§ åŒº,Region
å¤§ åŒºåˆ«,Big difference
å¤§ åŒºåŸŸ,Large area
å¤§ åŠ,Most
å¤§ å•äºº,Big single
å¤§ å•äººæˆ¿,Large single room
å¤§ å•äººé—´,Large single room
å¤§ å–åœº,Hypermarket
å¤§ å–ç‚¹,Big selling point
å¤§ å§å®¤,Large bedroom
å¤§ å«ç”Ÿ,Great hygiene
å¤§ å«ç”Ÿé—´,Big toilet
å¤§ å°è±¡,Big impression
å¤§ å•æ‰€,Big toilet
å¤§ å¨æˆ¿,Big kitchen
å¤§ å»,Big go
å¤§ å‹,Big friend
å¤§ åŒäººåºŠ,Large double bed
å¤§ åŒäººæˆ¿,Large double room
å¤§ åŒäººé—´,Large double room
å¤§ åå·®,Great contrast
å¤§ å˜åŒ–,Big change
å¤§ å·,Large number
å¤§ åƒ,Big eat
å¤§ åæ°”,Big fame
å¤§ å•,Da Lu
å¤§ å¸çƒŸå®¤,Big smoking room
å¤§ å‘¨è¾¹,Surrounding
å¤§ å‘³,Big taste
å¤§ å‘³å„¿,Big taste
å¤§ å‘³é“,Big taste
å¤§ å“ç‰Œ,famous brand
å¤§ å“ç§,Large variety
å¤§ å“ˆå“ˆ,Big haha
å¤§ å“¦,Big oh
å¤§ å•†,Big business
å¤§ å•†ä¸šåŒº,Large business district
å¤§ å•†ä¸šè¡—,Big commercial street
å¤§ å•†åœˆ,Big business district
å¤§ å•†åœº,Big market
å¤§ å•†åŸ,Big mall
å¤§ å•†åº—,Big store
å¤§ å™ªå£°,Big noise
å¤§ å™ªéŸ³,Loud noise
å¤§ å›°éš¾,Big difficulty
å¤§ å›½,Big country
å¤§ å›½è¯,Sinopharm
å¤§ åœˆ,Big circle
å¤§ åœˆå­,Big circle
å¤§ åœ°æ–¹,Big place
å¤§ åœ°æ®µ,Large area
å¤§ åœ°é“,Big subway
å¤§ åœ°é“ç«™,Metro station
å¤§ åœºåœ°,Large venue
å¤§ åœºæ‰€,Big place
å¤§ å‚,Osaka
å¤§ å—,Big piece
å¤§ å¡,Big slope
å¤§ åŸ,Big city
å¤§ åŸå¸‚,Big city
å¤§ å ‚,Big hall
å¤§ å †,Big pile
å¤§ å¡š,Otsuka
å¤§ å£°éŸ³,Loud voice
å¤§ å¤–è§‚,Large appearance
å¤§ å¤š,Much more
å¤§ å¤šå°‘,How big
å¤§ å¤œæ™¯,Big night view
å¤§ å¤§å…,Big hall
å¤§ å¤§å ‚,Large lobby
å¤§ å¤§å°,Big size
å¤§ å¤§é˜ª,Great Osaka
å¤§ å¤§é˜ªç«™,Osaka Station
å¤§ å¤©æ¡¥,Big bridge
å¤§ å¤´,Big head
å¤§ å¥—,Big set
å¤§ å¥—æˆ¿,Large suite
å¤§ å¥—é—´,Large suite
å¤§ å¥½å¤„,Big benefit
å¤§ å¥½å¤š,A lot
å¤§ å¥½è¯„,Great praise
å¤§ å§å§,big sister
å¤§ å­¦åŒº,Big school district
å¤§ å­©å­,Big boy
å¤§ å®å®,Big baby
å¤§ å®æƒ ,Great affordable
å¤§ å®¢æˆ¿,Large room
å¤§ å®¢æµ,Large passenger flow
å¤§ å®¶,Big home
å¤§ å®¶åº­,extended family
å¤§ å®¾é¦†,Big hotel
å¤§ å°,Big small
å¤§ å°å­©,Big child
å¤§ å°æ—¶,Big hours
å¤§ å°æœ‹å‹,Big kids
å¤§ å°æ¨½,Big Otaru
å¤§ å°ºå¯¸,large size
å¤§ å±‚,Large layer
å¤§ å±‹,Big house
å¤§ å±‹å­,Big house
å¤§ å±å¹•,big screen
å¤§ å±±,Mountain
å¤§ å·®åˆ«,Big difference
å¤§ å·®å¼‚,Big difference
å¤§ å·®è·,Big gap
å¤§ å·´,Bus
å¤§ å·´å£«,Big bus
å¤§ å¸‚åŒº,Large urban area
å¤§ å¸‚åœº,Big market
å¤§ å¸Œæœ›,Big hope
å¤§ å¸¦,Large belt
å¤§ å¸®åŠ©,Great help
å¤§ å¹³å°,Large platform
å¤§ å¹´çºª,Old age
å¤§ å¹¿åœº,Big square
å¤§ åºŠ,big bed
å¤§ åºŠå•,Large sheets
å¤§ åºŠæˆ¿,King bed room
å¤§ åºŠé“º,Big bed
å¤§ åº“,Large library
å¤§ åº—,Big shop
å¤§ åº—é¢,Big store
å¤§ åº¦å‡æ‘,Big resort
å¤§ å¼‚å‘³,Big smell
å¤§ å½±å“,Big impact
å¤§ å¾ˆå¤š,Big a lot
å¤§ å¿™,Very busy
å¤§ æ€åº¦,Big attitude
å¤§ æ€§ä»·æ¯”,Great value for money
å¤§ æ€»ä½“,Big overall
å¤§ æƒŠå–œ,big surprise
å¤§ æƒ³è±¡,Big imagination
å¤§ æ„Ÿå—,Great feeling
å¤§ æ„Ÿè§‰,Big feeling
å¤§ æˆª,Big cut
å¤§ æˆ¿,Big room
å¤§ æˆ¿ä»·,Big house price
å¤§ æˆ¿å‹,Large room type
å¤§ æˆ¿å­,big house
å¤§ æˆ¿é—´,Big room
å¤§ æ‰‹,big hand
å¤§ æŠ˜æ‰£,Big discounts
å¤§ æ‹›ç‰Œ,Big signboard
å¤§ æŒ‰æ‘©æµ´ç¼¸,Big jacuzzi
å¤§ æ’æ¡£,Food stall
å¤§ æ”¹å–„,Big improvement
å¤§ æ•™å ‚,Big church
å¤§ æ•´ä½“,Big overall
å¤§ æ–œå¡,Big slope
å¤§ æ–°å®¿ç«™,Shinjuku Station
å¤§ æ–°é¦†,New Building
å¤§ æ–¹,Generous
å¤§ æ–¹ä¾¿,Big convenient
å¤§ æ–¹é¢,Big aspect
å¤§ æ—è¾¹,Big beside
å¤§ æ—…è¡Œç®±,Big suitcase
å¤§ æ—¥æœ¬,Great Japan
å¤§ æ—©é¤,Big breakfast
å¤§ æ™šä¸Š,Big night
å¤§ æ™¯åŒº,Large scenic area
å¤§ æ™¯ç‚¹,Big attractions
å¤§ æ™¯è‰²,Great view
å¤§ æ™¯è§‚,Large landscape
å¤§ æœ‹å‹,Big friend
å¤§ æœåŠ¡,Great service
å¤§ æœŸå¾…,Big looking forward
å¤§ æœŸæœ›,Big expectations
å¤§ æœ¬èº«,Big itself
å¤§ æœºåœº,Big airport
å¤§ æ‘,Big village
å¤§ æ¡,Large strip
å¤§ æ¾æœ¬,Great Matsumoto
å¤§ æ¿,Slabs
å¤§ æ¢çº½,Big hub
å¤§ æŸ±å­,Big pillar
å¤§ æ ‡å‡†,Big standard
å¤§ æ ‡å‡†é—´,Large Standard Room
å¤§ æ ‡ç§°,Large nominal
å¤§ æ ¼å±€,Big pattern
å¤§ æ¡Œå­,Big table
å¤§ æ¡¥,Big bridge
å¤§ æ¥¼,Big building
å¤§ æ¥¼ä¸‹,Big downstairs
å¤§ æ¬ºå®¢,Big bully
å¤§ æ®µ,Large section
å¤§ æ¯›å·¾,Big towel
å¤§ æ¯›ç—…,Big problem
å¤§ æ°”,Atmosphere
å¤§ æ°”å‘³,Big smell
å¤§ æ°›å›´,Great atmosphere
å¤§ æ°´,Big water
å¤§ æ°´å‹,Large water pressure
å¤§ æ°´æµ,Big water flow
å¤§ æ°´é‡,Large amount of water
å¤§ æ±Ÿ,Big river
å¤§ æ±Ÿæˆ·,Great Edo
å¤§ æ± ,Big pool
å¤§ æ± å­,Big pond
å¤§ æ±¤,Big soup
å¤§ æ²™å‘,Big sofa
å¤§ æ²™æ»©,Big beach
å¤§ æ²³,Big river
å¤§ æ³¢åŠ¨,Large fluctuations
å¤§ æ³³æ± ,Big swimming pool
å¤§ æ´‹,Ocean
å¤§ æ´—,Big wash
å¤§ æ´—æ‰‹é—´,Big toilet
å¤§ æµé‡,Large Flow
å¤§ æµ´,Big bath
å¤§ æµ´åœº,Large bath
å¤§ æµ´å®¤,Big bathroom
å¤§ æµ´æ± ,Big bath
å¤§ æµ´ç¼¸,Big bathtub
å¤§ æµ·,Big sea
å¤§ æµ·æ™¯,Large sea view
å¤§ æµ·è¾¹,Big seaside
å¤§ æ¸…æ—©,Early morning
å¤§ æ¸©æ³‰,Big hot spring
å¤§ æ¸¸ä¹åœº,Big playground
å¤§ æ»¡è¶³,Big satisfaction
å¤§ æ¾¡å ‚,Big bathhouse
å¤§ ç°,Big gray
å¤§ ç°å°˜,Big dust
å¤§ ç‚¹,bigger
å¤§ çƒŸå‘³,Big smoke
å¤§ çƒ­,Big hot
å¤§ çƒ­å¤©,Big hot day
å¤§ çƒ­æ°´,Big hot water
å¤§ çˆ†å‘,Big burst
å¤§ çˆ±,Big Love
å¤§ ç‰‡,Blockbuster
å¤§ ç‰ˆ,Large version
å¤§ ç‰Œå­,Big brand
å¤§ ç‰¹ç‚¹,Big features
å¤§ ç‰¹è‰²,Features
å¤§ ç¯å¢ƒ,Large environment
å¤§ ç»ç’ƒ,Large glass
å¤§ ç»ç’ƒçª—,Large glass windows
å¤§ ç¦,Big Qi
å¤§ ç“¶,Big bottle
å¤§ ç“¶è£…,Big bottle
å¤§ ç”¨å“,Big supplies
å¤§ ç”¨é€”,Big purpose
å¤§ ç”µæ¢¯,Big elevator
å¤§ ç”µè„‘,Big computer
å¤§ ç”µè§†,Big tv
å¤§ ç™¾è´§,Big department store
å¤§ ç™¾è´§åº—,Big department store
å¤§ ç›’å­,Big box
å¤§ ç›®æµ‹,Large visual inspection
å¤§ ç›¸å¯¹æ¯”,Relatively large
å¤§ çœŸ,Big really
å¤§ ç¤¾,Big club
å¤§ ç¦éŸ³,Great gospel
å¤§ ç§‹å¶åŸ,Great Akihabara
å¤§ ç©ºè°ƒ,Large air conditioning
å¤§ ç©ºé—´,big space
å¤§ çª—,Big window
å¤§ çª—æˆ·,Big windows
å¤§ ç«™,Big station
å¤§ ç«™ç‚¹,Big site
å¤§ ç®±,big box
å¤§ ç®±å­,big box
å¤§ çº¸,Large paper
å¤§ çº¿,Big line
å¤§ ç¼ºç‚¹,Big disadvantage
å¤§ ç¾é£Ÿ,Great gourmet
å¤§ èƒƒå£,Big appetite
å¤§ èŠ±å›­,Big garden
å¤§ èŒƒå›´,A wide range of
å¤§ è¯,Big medicine
å¤§ è¯å¦†,Big cosmeceutical
å¤§ è¯å¦†åº—,Big drugstore
å¤§ è¯åº—,Big pharmacy
å¤§ è½åœ°çª—,Large French windows
å¤§ è½å·®,Big drop
å¤§ èƒèŸ¹,Big crab
å¤§ èŸ‘è‚,Big cockroach
å¤§ è¡Œ,Daxing
å¤§ è¡Œæ,Big luggage
å¤§ è¡Œæç®±,Large suitcase
å¤§ è¡—,Big street
å¤§ è¡£å¸½é—´,Large cloakroom
å¤§ è¢«å­,Big quilt
å¤§ è£…ä¿®,Large decoration
å¤§ è§„æ¨¡,Large scale
å¤§ è®¢,Big order
å¤§ è®¾å¤‡,Big equipment
å¤§ è®¾æ–½,Big facilities
å¤§ è¯,Big words
å¤§ è°·,Otani
å¤§ è´¥ç¬”,Big failure
å¤§ è¶…å¸‚,big supermarket
å¤§ è·¯,Road
å¤§ è·¯å£,Big intersection
å¤§ è½¦ç«™,Big station
å¤§ é€‰æ‹©æ€§,Large selectivity
å¤§ é€š,Chase
å¤§ é€šè·¯,Large access
å¤§ é€šé“,Large channel
å¤§ é—æ†¾,Big regret
å¤§ éƒ¨åˆ†,Most part
å¤§ éƒ¨é˜Ÿ,Large forces
å¤§ éƒ½ä¼š,Metropolis
å¤§ éƒ½å¸‚,Metropolis
å¤§ é…’åº—,big hotel
å¤§ é‡‡è´­,Big purchase
å¤§ é‡Œé¢,Big inside
å¤§ é‡è¦,Big important
å¤§ é‡,Large amount
å¤§ é‡‘,Big gold
å¤§ é—¨,Big gate
å¤§ é—¨å£,main entrance
å¤§ é—¨è„¸,Big door face
å¤§ é—¨é¢,Large facade
å¤§ é—®é¢˜,Big problem
å¤§ é—´,Large room
å¤§ é˜³å°,Large balcony
å¤§ é™„è¿‘,Large nearby
å¤§ éš¾å¾—,Very rare
å¤§ é›¨,Heavy rain
å¤§ é›ª,Heavy snow
å¤§ é¢ç§¯,large area
å¤§ é¢—,Large
å¤§ é£,Strong wind
å¤§ é£é›ª,Heavy snow
å¤§ é£Ÿ,Big food
å¤§ é£Ÿå ‚,Big canteen
å¤§ é¤å…,Big restaurant
å¤§ é¥­åº—,restaurant
å¤§ é¦†,Large hall
å¤§ é©¬,Malaysia
å¤§ é©¬è·¯,Big road
å¤§ é¸Ÿ,Big bird
å¤§ ï¼ï¼,Big ! !
å¥½ ä¾¿åˆ©,Good convenience
å¥½ å¤š,A lot
å¥½ æ£’,Good great
å¥½åƒ,good to eat
å¥½åƒ ä¸€,Delicious one
å¥½åƒ ä¸‰æ–‡é±¼,Delicious salmon
å¥½åƒ ä¸œè¥¿,Delicious stuff
å¥½åƒ ä¸­é¤å…,Delicious chinese restaurant
å¥½åƒ ä¸²ä¸²,Delicious skewers
å¥½åƒ ä¸¼,Delicious don
å¥½åƒ ä»€ä¹ˆ,Delicious what
å¥½åƒ å€¼å¾—,Delicious and worth it
å¥½åƒ åš,Delicious do
å¥½åƒ å†°æ£,Delicious popsicles
å¥½åƒ å†°æ·‡æ·‹,Delicious ice cream
å¥½åƒ å†°æ¿€å‡Œ,Delicious ice cream
å¥½åƒ å«ç”Ÿ,Delicious and hygienic
å¥½åƒ åƒ,Delicious eat
å¥½åƒ å‘¨å›´,Delicious around
å¥½åƒ å‘¨è¾¹,Delicious
å¥½åƒ å‘³é“,Delicious taste
å¥½åƒ åœ°æ–¹,Delicious place
å¥½åƒ å¦»,Delicious wife
å¥½åƒ å®¶,Delicious
å¥½åƒ å¯¿å¸,Delicious sushi
å¥½åƒ å¯¿å¸åº—,Delicious sushi restaurant
å¥½åƒ å°åº—,Delicious shop
å¥½åƒ å±…é…’å±‹,Delicious izakaya
å¥½åƒ å·§å…‹åŠ›,Delicious chocolate
å¥½åƒ å¸ƒä¸,Delicious pudding
å¥½åƒ åº—,Delicious shop
å¥½åƒ æˆ¿é—´,Delicious room
å¥½åƒ æ‹‰é¢,Delicious ramen
å¥½åƒ æ’é˜Ÿ,Delicious
å¥½åƒ æ–™,Delicious
å¥½åƒ æ–™ç†,Delicious food
å¥½åƒ æ–¹ä¾¿é¢,Delicious instant noodles
å¥½åƒ æ—¥é¤,Delicious Japanese food
å¥½åƒ æ—©é¤,Delicious breakfast
å¥½åƒ æ—©é¥­,Delicious breakfast
å¥½åƒ æ™šé¤,Delicious dinner
å¥½åƒ æœåŠ¡,Delicious service
å¥½åƒ æ,Delicious
å¥½åƒ æ¥¼ä¸‹,Delicious downstairs
å¥½åƒ æ°´æœ,Delicious fruit
å¥½åƒ æ³¡èŠ™,Delicious puff
å¥½åƒ æµ·é²œ,Delicious seafood
å¥½åƒ ç«è…¿,Delicious ham
å¥½åƒ ç‚¹,Delicious
å¥½åƒ ç‚¹å¿ƒ,Delicious dim sum
å¥½åƒ çƒ§çƒ¤,Delicious barbecue
å¥½åƒ ç‰›,Delicious cow
å¥½åƒ ç‰›è‚‰,Delicious beef
å¥½åƒ ç‰›è¶…,Delicious Niu Chao
å¥½åƒ ç”œç‚¹,Delicious dessert
å¥½åƒ ç›–é¥­,Delicious rice bowl
å¥½åƒ ç±³,Delicious rice
å¥½åƒ ç±³é¥­,Delicious rice
å¥½åƒ è‚‰é¥­,Delicious pilaf
å¥½åƒ è‡ªåŠ©é¤,Delicious buffet
å¥½åƒ èŒ¶ç‚¹,Delicious refreshment
å¥½åƒ è‰è“,Delicious strawberry
å¥½åƒ èœ,Delicious dish
å¥½åƒ èœå“,Delicious dishes
å¥½åƒ è™¾,Delicious shrimp
å¥½åƒ è›‹,Delicious egg
å¥½åƒ è›‹ç³•,Delicious cake
å¥½åƒ èœœ,Delicious honey
å¥½åƒ è¥¿é¤,Delicious western food
å¥½åƒ è±†,Delicious beans
å¥½åƒ è±†è…,Delicious tofu
å¥½åƒ é…’åº—,Delicious hotel
å¥½åƒ é™„è¿‘,Delicious nearby
å¥½åƒ é›ªç³•,Delicious ice cream
å¥½åƒ é¢,Delicious noodles
å¥½åƒ é¢åŒ…,Delicious bread
å¥½åƒ é¢åŒ…æˆ¿,Delicious bakery
å¥½åƒ é¢é¦†,Delicious noodle shop
å¥½åƒ é£Ÿç‰©,Delicious food
å¥½åƒ é¤,Delicious meal
å¥½åƒ é¤å…,Delicious restaurant
å¥½åƒ é¤ç‚¹,Delicious meal
å¥½åƒ é¤é¦†,Delicious restaurant
å¥½åƒ é¥­,Delicious meal
å¥½åƒ é¥­å›¢,Delicious rice ball
å¥½åƒ é¥­åº—,Delicious restaurant
å¥½åƒ é¥­èœ,Delicious meal
å¥½åƒ é¦†,Delicious restaurant
å¥½åƒ é¸Ÿ,Delicious bird
å¥½åƒ ğŸ˜‹,Delicious ğŸ˜‹
å®¢æˆ¿,Room
å° ä¸é”™,Small good
å° å¤š,Small much
å° æ—¥å¼,Small japanese style
å° è¿œ,Small far
å·¨ å¤š,Huge
å·¨ è¿œ,Huge far
å¹²å‡€,clean
å¹²å‡€ ä¸€å¦‚æ—¢å¾€,Clean as always
å¹²å‡€ ä¸é”™,Clean good
å¹²å‡€ äº”è„ä¿±å…¨,Clean and complete
å¹²å‡€ äººé—´,Clean world
å¹²å‡€ ä»·æ ¼,Clean price
å¹²å‡€ ä½ç½®,Clean location
å¹²å‡€ ä½ ,Clean you
å¹²å‡€ ä¾¿åˆ©,Clean and convenient
å¹²å‡€ å…³é”®,Clean key
å¹²å‡€ å†…éƒ¨,Clean interior
å¹²å‡€ å‰å°,Clean front desk
å¹²å‡€ å«ç”Ÿ,Clean and hygienic
å¹²å‡€ å«ç”Ÿé—´,Clean toilet
å¹²å‡€ å°è±¡,Clean impression
å¹²å‡€ å•æ‰€,Clean toilet
å¹²å‡€ å•æµ´,Clean toilet bath
å¹²å‡€ å‘¨å›´,Clean around
å¹²å‡€ å‘¨è¾¹,Clean surroundings
å¹²å‡€ å“,Clean product
å¹²å‡€ å›½å®¶,Clean country
å¹²å‡€ åœ°æ–¹,Clean place
å¹²å‡€ åœ°æ¿,Clean floor
å¹²å‡€ åœ°æ®µ,Clean location
å¹²å‡€ åœ°æ¯¯,Clean carpet
å¹²å‡€ åœ°é“,Clean subway
å¹²å‡€ åœ°é“ç«™,Clean subway station
å¹²å‡€ å¢™å£,Clean the walls
å¹²å‡€ å¢™é¢,Clean wall
å¹²å‡€ å¤§,Clean big
å¹²å‡€ å¤§å°,Clean size
å¹²å‡€ å®¢æˆ¿,Clean rooms
å¹²å‡€ å®¤å†…,Clean indoor
å¹²å‡€ å®¾é¦†,Clean hotel
å¹²å‡€ å¯¹é¢,Clean opposite
å¹²å‡€ å°,Clean small
å¹²å‡€ å°å°,Clean little
å¹²å‡€ å°å·§,Clean and compact
å¹²å‡€ å±‹å­,Clean house
å¹²å‡€ å¹²å¹²å‡€å‡€,Clean and clean
å¹²å‡€ åºŠ,Clean bed
å¹²å‡€ åºŠå•,Clean sheets
å¹²å‡€ åºŠè¤¥,Clean mattress
å¹²å‡€ åºŠé“º,Clean bed
å¹²å‡€ æ€åº¦,Clean attitude
å¹²å‡€ æ€§ä»·æ¯”,Clean and cost-effective
å¹²å‡€ æ€»ä½“,Clean overall
å¹²å‡€ æ„Ÿè§‰,Clean feeling
å¹²å‡€ æˆ‘,Clean me
å¹²å‡€ æˆ¿,Clean room
å¹²å‡€ æˆ¿å­,Clean house
å¹²å‡€ æˆ¿å±‹,Clean house
å¹²å‡€ æˆ¿é—´,Clean room
å¹²å‡€ æ‰“æ‰«,Clean up
å¹²å‡€ æ”¶æ‹¾,Clean up
å¹²å‡€ æ•´ä½“,Clean overall
å¹²å‡€ æ•´ç†,Clean up
å¹²å‡€ æ–¹,Clean party
å¹²å‡€ æ–¹ä¾¿,Clean and convenient
å¹²å‡€ æ–¹é¢,Clean aspect
å¹²å‡€ æ—è¾¹,Clean next to
å¹²å‡€ æ—¥æœ¬,Clean japan
å¹²å‡€ æ—§,Clean old
å¹²å‡€ æ—©é¤,Clean breakfast
å¹²å‡€ æœ‰,Clean yes
å¹²å‡€ æœåŠ¡,Clean service
å¹²å‡€ æœåŠ¡å‘˜,Clean waiter
å¹²å‡€ æœ¬èº«,Clean itself
å¹²å‡€ æ¡ä»¶,Clean condition
å¹²å‡€ æ•å¤´,Clean pillow
å¹²å‡€ æ¡£,Clean file
å¹²å‡€ æ¥¼ä¸‹,Clean downstairs
å¹²å‡€ æ¯›å·¾,Clean towel
å¹²å‡€ æ°”,Clean gas
å¹²å‡€ æ°´,Clean water
å¹²å‡€ æ°´å‡†,Clean standard
å¹²å‡€ æ²™æ»©,Clean beach
å¹²å‡€ æ´—,Clean wash
å¹²å‡€ æ´—æ‰‹é—´,Clean toilet
å¹²å‡€ æ´—æµ´,Clean bath
å¹²å‡€ æ´—æ¾¡é—´,Clean bathroom
å¹²å‡€ æµ´,Clean bath
å¹²å‡€ æµ´åœº,Clean bath
å¹²å‡€ æµ´å®¤,Clean bathroom
å¹²å‡€ æµ´å·¾,Clean bath towel
å¹²å‡€ æµ´ç¼¸,Clean bathtub
å¹²å‡€ æµ·æ°´,Clean sea water
å¹²å‡€ æµ·æ»©,Clean beach
å¹²å‡€ æ·‹æµ´,Clean shower
å¹²å‡€ æ¸©æ³‰,Clean hot spring
å¹²å‡€ æ¸¸æ³³æ± ,Clean swimming pool
å¹²å‡€ æ¾¡å ‚,Clean bathhouse
å¹²å‡€ ç‚¹,Clean point
å¹²å‡€ ç…§ç‰‡,Clean photos
å¹²å‡€ ç‰©å“,Clean items
å¹²å‡€ ç‰¹è‰²,Clean features
å¹²å‡€ ç¯å¢ƒ,Clean environment
å¹²å‡€ ç°ä»£,Clean modern
å¹²å‡€ ç”¨å“,Clean supplies
å¹²å‡€ ç™½å¸ƒ,Clean white cloth
å¹²å‡€ çœŸ,Clean really
å¹²å‡€ ç¡è¡£,Clean pajamas
å¹²å‡€ ç¨‹åº¦,Cleanliness
å¹²å‡€ ç¨å°,"Clean, slightly smaller"
å¹²å‡€ ç©ºé—´,Clean space
å¹²å‡€ ç®€ä»‹,Clean introduction
å¹²å‡€ ç»†èŠ‚,Clean details
å¹²å‡€ è¡—é“,Clean street
å¹²å‡€ è¢«å­,Clean quilt
å¹²å‡€ è¢«è¤¥,Clean bedding
å¹²å‡€ è£…ä¿®,Clean decoration
å¹²å‡€ è®¾å¤‡,Clean equipment
å¹²å‡€ è®¾æ–½,Clean facilities
å¹²å‡€ é€‰æ‹©,Clean choice
å¹²å‡€ é…’åº—,Clean hotel
å¹²å‡€ é‡Œé¢,Clean inside
å¹²å‡€ é‡è¦,Clean important
å¹²å‡€ é—¨,Clean door
å¹²å‡€ é£æ ¼,Clean style
å¹²å‡€ é¥­åº—,Clean restaurant
å¹²å‡€ éº»é›€,Clean sparrow
åº­é™¢,patio
å¿«æ· ä¾¿åˆ©,Fast and convenient
æ€»ä½“,overall
æ„å¤– å¥½åƒ,Unexpectedly delicious
æ¨è,recommend
æ–°,new
æ–° ....,New...
æ–° ä¸€,New one
æ–° ä¸€äº›,Newer
æ–° ä¸€ç‚¹,New
æ–° ä¸–ç•Œ,New world
æ–° ä¸œè¥¿,New thing
æ–° ä¸¤,New two
æ–° ä¸­å¿ƒ,New center
æ–° ä¸»æ¥¼,New main building
æ–° äº”æ˜Ÿ,New Five Star
æ–° äº¬,New Beijing
æ–° äº¬æ,Shinkyogoku
æ–° ä»·,New price
æ–° ä½ç½®,New location
æ–° ä½,New live
æ–° ä½“éªŒ,New Experience
æ–° åˆ©,Xinli
æ–° åŒº,New District
æ–° åƒå²,New Chitose
æ–° å»,New go
æ–° å•†åŠ¡åŒº,New business district
æ–° å•†åœº,New mall
æ–° åœ°æ–¹,New place
æ–° åœ°é“,New subway
æ–° å‚,Shin Saka
æ–° å¤§å ‚,New lobby
æ–° å¤§æ¥¼,New building
æ–° å¤§é˜ª,New Osaka
æ–° å¤§é˜ªç«™,New Osaka Station
æ–° å®¿,Shinjuku
æ–° å®¿ãƒ“,Shinjuku ãƒ“
æ–° å®¿ä¸‰,Shinjuku
æ–° å®¿ä¸œ,New Sudong
æ–° å®¿åŒº,Shinjuku
æ–° å®¿æ ¼å…°,Shinjuku Grand
æ–° å®¿ç«™,Shinjuku Station
æ–° å®¿è¥¿,Shinjuku West
æ–° å®¿è¿‘,Shinjuku
æ–° å¹²çº¿,Shinkansen
æ–° å¹´,new Year
æ–° åºŠ,New bed
æ–° åºŠå•,New sheets
æ–° åº—,New shop
æ–° å¾¡,New Royal
æ–° å¿ƒ,New heart
æ–° æ„Ÿè§‰,New feeling
æ–° æˆ¿,New room
æ–° æˆ¿é—´,New room
æ–° æ–‹,New
æ–° æ–‹æ¡¥,New Saibashi
æ–° æ—§,New old
æ–° æ—©é¤,New breakfast
æ–° æœåŠ¡,New service
æ–° æœ¨åœº,New Kiba
æ–° æœ¬,New
æ–° æœ¬èº«,New itself
æ–° æœºåœº,New airport
æ–° æ¿,New board
æ–° æ¥¼,New building
æ–° æ¯›å·¾,New towel
æ–° æ½®,New trend
æ–° ç‹å­,New prince
æ–° ç“¶è£…æ°´,New bottled water
æ–° ç”¨å“,New supplies
æ–° ç™½æ²³,New Baihe
æ–° ç¡¬ä»¶,New hardware
æ–° ç¥¨,New ticket
æ–° ç¨‹åº¦,New degree
æ–° ç«™,New station
æ–° è£,Xinrong
æ–° è£ç”º,Shin Sakae
æ–° è£…,New outfit
æ–° è£…ä¿®,New decoration
æ–° è§†é‡,New vision
æ–° è®¾å¤‡,new device
æ–° è®¾æ–½,New facility
æ–° è°·,New Valley
æ–° è½®,New round
æ–° é…’åº—,New hotel
æ–° é˜ªæ€¥,New Hankyu
æ–° é¦†,New building
æ–° é«˜æ¥¼,New high-rise
æ—¥å¼,Japanese-style
æ—¥å¼ ä¸œè¥¿,Japanese style
æ—¥å¼ ä¸¤,Japanese style two
æ—¥å¼ ä¸²,Japanese style
æ—¥å¼ ä¹‹ä¸€,Japanese style one
æ—¥å¼ äºº,People
æ—¥å¼ åƒ,Eating
æ—¥å¼ å‘³é“,Japanese taste
æ—¥å¼ å“ç§,Japanese style
æ—¥å¼ å¥—é¤,Japanese set meal
æ—¥å¼ åº—,Japanese shop
æ—¥å¼ åº­é™¢,Japanese style courtyard
æ—¥å¼ æ€€çŸ³æ–™ç†,Japanese kaiseki cuisine
æ—¥å¼ æ€åº¦,Japanese attitude
æ—¥å¼ æ„Ÿè§‰,Japanese style
æ—¥å¼ æˆ¿,Japanese style room
æ—¥å¼ æˆ¿é—´,Japanese style room
æ—¥å¼ æŒ‰æ‘©,Japanese massage
æ—¥å¼ æ–™ç†,Japanese cuisine
æ—¥å¼ æ—…é¦†,Ryokan
æ—¥å¼ æ—©é¤,Japanese breakfast
æ—¥å¼ æ—©é¥­,Japanese breakfast
æ—¥å¼ æœåŠ¡,Japanese service
æ—¥å¼ æ ‡å‡†,Japanese standard
æ—¥å¼ æ¦»æ¦»ç±³,Japanese style tatami
æ—¥å¼ æ¬§å¼,Japanese style
æ—¥å¼ æµ´,Japanese bath
æ—¥å¼ æµ´åœº,Japanese style bath
æ—¥å¼ æµ´å®¤,Japanese style bathroom
æ—¥å¼ æµ´è¡£,Japanese Yukata
æ—¥å¼ æ¸©æ³‰,Japanese hot spring
æ—¥å¼ æ¾¡å ‚,Japanese style bathhouse
æ—¥å¼ ç«é”…,Japanese hot pot
æ—¥å¼ ç§ç±»,Japanese style
æ—¥å¼ çª—æˆ·,Japanese style window
æ—¥å¼ ç»“åˆ,Japanese style
æ—¥å¼ è‡ªåŠ©é¤,Japanese buffet
æ—¥å¼ èŠ±å›­,Japanese garden
æ—¥å¼ è‹±æ–‡,Japanese English
æ—¥å¼ è‹±è¯­,Japanese English
æ—¥å¼ èœ,Japanese dishes
æ—¥å¼ è¡—,Japanese street
æ—¥å¼ è¥¿å¼,Japanese Western
æ—¥å¼ é€‰æ‹©,Japanese style
æ—¥å¼ é…’å§,Japanese bar
æ—¥å¼ é…’åº—,Japanese hotel
æ—¥å¼ é£å‘³,Japanese style
æ—¥å¼ é£æƒ…,Japanese style
æ—¥å¼ é£æ ¼,Japanese style
æ—¥å¼ é£Ÿç‰©,Japanese food
æ—¥å¼ é¤å…,Japanese restaurant
æ—¥å¼ é¤é¦†,Japanese restaurant
æ—¥å¼ é¥­åº—,Japanese restaurant
æ—¥æœ¬,Japan
æ—©é¤,breakfast
æ—¶å€™,time
æ˜¯å¦,whether
æ™¯è‰²,view
æ£’,Great
æ£’ b,Great b
æ£’ r,Great r
æ£’ ä¸€åˆ‡,Great everything
æ£’ ä¸‹é¢,Great below
æ£’ ä¸š,Great industry
æ£’ ä¸­æ–‡,Great in Chinese
æ£’ ä¸»è¦,Great main
æ£’ äº¤é€š,Great traffic
æ£’ äº«å—,Great enjoy
æ£’ äºº,Great man
æ£’ äººå‘˜,Staff
æ£’ ä»·ä½,Great price
æ£’ ä»·æ ¼,Great price
æ£’ ä½ç½®,Great position
æ£’ ä½“éªŒ,Great experience
æ£’ ä¾¿åˆ©,Great convenience
æ£’ å‡ºè¡Œ,Great trip
æ£’ å‰å°,Front desk
æ£’ åˆé¤,Great lunch
æ£’ å«ç”Ÿ,Great hygiene
æ£’ å«ç”Ÿé—´,Great toilet
æ£’ å£å‘³,Great taste
æ£’ å•,Great lu
æ£’ å‘¨è¾¹,Great surroundings
æ£’ å‘³é“,Great taste
æ£’ å’–å•¡,Great coffee
æ£’ å•†åœº,Great mall
æ£’ åœ°æ–¹,Great place
æ£’ åœ°æ®µ,Great location
æ£’ åœ°ç‚¹,Great location
æ£’ å¤œæ™¯,Night view
æ£’ å¤§å ‚,Great lobby
æ£’ å­—,Great letter;
æ£’ å®¶,Great home
æ£’ å·´å£«,Great bus
æ£’ åº—,Great shop
æ£’ æ€åº¦,Great attitude
æ£’ æ€»ä½“,Great overall
æ£’ æ„Ÿè§‰,Great feeling
æ£’ æˆ‘ä»¬,Great we
æ£’ æˆ¿,Great room
æ£’ æˆ¿é—´,Great room
æ£’ æ‹‰é¢,Great ramen
æ£’ æ•ˆæœ,Great effect
æ£’ æ•´ä½“,Great overall
æ£’ æ–™ç†,Great cuisine
æ£’ æ–¹é¢,Great aspect
æ£’ æ—…è¡Œ,Great travel
æ£’ æ—¥èˆª,Great Nikko
æ£’ æ—©é¤,Great breakfast
æ£’ æ—©é¥­,Great breakfast
æ£’ æ™šé¤,Great dinner
æ£’ æ™¯,Great view
æ£’ æ™¯è‰²,Great scenery
æ£’ æ™¯è§‚,Great landscape
æ£’ æœåŠ¡,Great service
æ£’ æœåŠ¡å‘˜,Great waiter
æ£’ æœåŠ¡ç”Ÿ,Great waiter
æ£’ æ¡ä»¶,Great condition
æ£’ æ£’,Great Great
æ£’ æ¥¼ä¸‹,Great downstairs
æ£’ æ°´å¹³,Great level
æ£’ æ°´æœ,Great fruit
æ£’ æ²™æ»©,Great beach
æ£’ æ³³æ± ,Great pool
æ£’ æ´—è¡£æœº,Great washing machine
æ£’ æµ´åœº,Great bath
æ£’ æµ´å®¤,Great bathroom
æ£’ æµ·æ™¯,Great sea view
æ£’ æµ·æ»©,Great beach
æ£’ æ¸©æ³‰,Great hot spring
æ£’ æ¸¸æ³³æ± ,Great swimming pool
æ£’ ç°,Great ash
æ£’ çˆ·æ¹–,Great lake
æ£’ ç‰›,Great cow
æ£’ ç‰›è‚‰,Great beef
æ£’ ç¯å¢ƒ,Great environment
æ£’ ç­è½¦,Great shuttle
æ£’ çƒåœº,Baseball field
æ£’ ç”¨å“,Great supplies
æ£’ çœŸ,Awesome really
æ£’ ç¡¬ä»¶,Great hardware
æ£’ ç®¡ç†,Great management
æ£’ ç»†èŠ‚,Great details
æ£’ ç¾æ™¯,Great views
æ£’ ç¾é£Ÿ,Great gourmet
æ£’ è‡ªåŠ©é¤,Great buffet
æ£’ èŠ±å›­,Great garden
æ£’ è‹±æ–‡,Great English
æ£’ è‹±è¯­,Great English
æ£’ èŒ¶,Great tea
æ£’ èœå“,Great dishes
æ£’ è™¾,Great shrimp
æ£’ è¡—,Great street
æ£’ è£…ä¿®,Great decoration
æ£’ è§†é‡,Great
æ£’ è®¾å¤‡,Great equipment
æ£’ è®¾æ–½,Great facilities
æ£’ è®¾è®¡,Great design
æ£’ è¶…å¸‚,Great supermarket
æ£’ è½¯ä»¶,Great software
æ£’ é‚£,Great that
æ£’ é…’åº—,Great hotel
æ£’ éš”éŸ³,Soundproof
æ£’ é£æ™¯,Great scenery
æ£’ é£æ ¼,Great style
æ£’ é£Ÿç‰©,Great food
æ£’ é¤å…,Great restaurant
æ£’ é¤é£Ÿ,Good meal
æ£’ é¤é¥®,Great food
æ£’ é¤é¦†,Great restaurant
æ£’ é¦†,Great hall
æ£’ é¸¡,Great chicken
æ£’ ï¼ï¼,Great ! !
æ¬£èµ,enjoy
æ²¡æœ‰ ä¸€æµ,Not first class
æ²¡æœ‰ ä¸€èˆ¬,No average
æ²¡æœ‰ ä¸é”™,No good
æ²¡æœ‰ ä¸­æ–‡,no Chinese
æ²¡æœ‰ äº¤é€š,No traffic
æ²¡æœ‰ äººå‘˜,No personnel
æ²¡æœ‰ ä»·æ ¼,No price
æ²¡æœ‰ ä½,No live
æ²¡æœ‰ ä¾¿åˆ©,No convenience
æ²¡æœ‰ å‡ºè¡Œ,No travel
æ²¡æœ‰ å«ç”Ÿ,No hygiene
æ²¡æœ‰ å¯ä»¥,"No, yes"
æ²¡æœ‰ åƒ,did not eat
æ²¡æœ‰ å‘¨è¾¹,No surroundings
æ²¡æœ‰ åœ°æ–¹,No place
æ²¡æœ‰ åœ°é“,No subway
æ²¡æœ‰ åœ°é“ç«™,No subway station
æ²¡æœ‰ å,Not sitting
æ²¡æœ‰ å¤š,No more
æ²¡æœ‰ å¤§,No big
æ²¡æœ‰ å¥½åƒ,No delicious
æ²¡æœ‰ å¹²å‡€,No clean
æ²¡æœ‰ æ¨è,Not recommended
æ²¡æœ‰ æ–°,No new
æ²¡æœ‰ æ—¥æœ¬,No japan
æ²¡æœ‰ æ—©é¤,No breakfast
æ²¡æœ‰ æ—¶å€™,No time
æ²¡æœ‰ æ˜¯å¦,No if
æ²¡æœ‰ æ™¯è‰²,No view
æ²¡æœ‰ æ£’,No stick
æ²¡æœ‰ æ¬£èµ,No appreciation
æ²¡æœ‰ æ¼‚äº®,Not beautiful
æ²¡æœ‰ çƒ­æƒ…,No passion
æ²¡æœ‰ ç¯å¢ƒ,No environment
æ²¡æœ‰ çœ‹åˆ°,did not see
æ²¡æœ‰ çœŸå¿ƒ,Not true
æ²¡æœ‰ ç®—,No count
æ²¡æœ‰ ç¾é£Ÿ,No gourmet
æ²¡æœ‰ è€,No old
æ²¡æœ‰ èƒ½,No can
æ²¡æœ‰ èˆ’æœ,Not comfortable
æ²¡æœ‰ è§,No see
æ²¡æœ‰ è®¢,Not ordered
æ²¡æœ‰ è¯´,Did not say
æ²¡æœ‰ è´­ç‰©,No shopping
æ²¡æœ‰ èµ,No like
æ²¡æœ‰ è·ç¦»,No distance
æ²¡æœ‰ è¿‡,Never had
æ²¡æœ‰ è¿‘,No near
æ²¡æœ‰ è¿œ,No far
æ²¡æœ‰ é€‰æ‹©,no choice
æ²¡æœ‰ é—®é¢˜,no problem
æ²¡æœ‰ é™„è¿‘,Not nearby
æ²¡æœ‰ é™ˆæ—§,Not stale
æ²¡æœ‰ éœ€è¦,No need
æ²¡æœ‰ é£æ™¯,No scenery
æ¼‚äº®,Pretty
æ¼‚äº® m,Pretty m
æ¼‚äº® äºº,Beautiful people
æ¼‚äº® å‰å°,Beautiful
æ¼‚äº® åœ°æ–¹,Beautiful place
æ¼‚äº® å¡”,Beautiful tower
æ¼‚äº® å¤–è§‚,Beautiful appearance
æ¼‚äº® å¤œæ™¯,Beautiful
æ¼‚äº® å¤§å…,Pretty hall
æ¼‚äº® å¤§å ‚,Beautiful lobby
æ¼‚äº® å¦¹å­,Pretty girl
æ¼‚äº® å§‘å¨˜,beautiful girl
æ¼‚äº® å¯¹é¢,Pretty opposite
æ¼‚äº® å¹¿åœº,Pretty square
æ¼‚äº® åº­é™¢,Pretty courtyard
æ¼‚äº® å»ºç­‘,Beautiful building
æ¼‚äº® æˆ¿,Beautiful room
æ¼‚äº® æˆ¿é—´,Nice room
æ¼‚äº® æ™¯,Beautiful scene
æ¼‚äº® æ™¯è‰²,Beautiful view
æ¼‚äº® æ™¯è§‚,Beautiful landscape
æ¼‚äº® æœåŠ¡å‘˜,Pretty waiter
æ¼‚äº® æ¥¼ä¸‹,Pretty downstairs
æ¼‚äº® æ¨±èŠ±,Beautiful cherry blossom
æ¼‚äº® æ°”æ´¾,Beautiful style
æ¼‚äº® æ²™æ»©,Beautiful beach
æ¼‚äº® æµ·æ™¯,Beautiful seascape
æ¼‚äº® æµ·æ»©,Pretty beach
æ¼‚äº® æ¸©æ³‰,Beautiful hot spring
æ¼‚äº® æ¸¸æ³³æ± ,Nice swimming pool
æ¼‚äº® ç¯å¢ƒ,Beautiful environment
æ¼‚äº® èŠ±å›­,Pretty garden
æ¼‚äº® èœ,Beautiful dish
æ¼‚äº® è£…ä¿®,Beautiful decoration
æ¼‚äº® è£…é¥°,Beautiful decoration
æ¼‚äº® è§†é‡,Beautiful vision
æ¼‚äº® è®¾è®¡,Beautiful design
æ¼‚äº® é…’åº—,Beautiful hotel
æ¼‚äº® é£æ™¯,Beautiful scenery
æ¼‚äº® é¤å…,Beautiful restaurant
çƒ¤è‚‰,Barbecue
çƒ­æƒ…,enthusiasm
çƒ­æƒ… ä¸ªä¸ª,Enthusiasm
çƒ­æƒ… ä¸­æ–‡,Passion Chinese
çƒ­æƒ… äº‹æƒ…,Passion things
çƒ­æƒ… äºº,Passionate people
çƒ­æƒ… äººå‘˜,Enthusiastic people
çƒ­æƒ… ä»–ä»¬,Passionate them
çƒ­æƒ… å‰å°,Enthusiasm
çƒ­æƒ… å¸æœº,Enthusiastic driver
çƒ­æƒ… å‘˜å·¥,Enthusiastic staff
çƒ­æƒ… å‘¨åˆ°,Warm and thoughtful
çƒ­æƒ… å¤§å”,Enthusiasm
çƒ­æƒ… å¤§å§,Enthusiasm
çƒ­æƒ… å¥³ç”Ÿ,Passion schoolgirl
çƒ­æƒ… å¥½å®¢,Hospitality
çƒ­æƒ… å¦¹å­,Passionate girl
çƒ­æƒ… å®¢æœ,Enthusiastic customer service
çƒ­æƒ… å°å“¥,Enthusiasm
çƒ­æƒ… å°å§,Passionate lady
çƒ­æƒ… å·¥ä½œ,Passion work
çƒ­æƒ… å¸®,Enthusiasm
çƒ­æƒ… æ€åº¦,Enthusiasm attitude
çƒ­æƒ… æ„Ÿè§‰,Passion feeling
çƒ­æƒ… æˆ¿é—´,Warm room
çƒ­æƒ… æ¥å¾…,Warm reception
çƒ­æƒ… æœ‰çš„,Enthusiasm
çƒ­æƒ… æœåŠ¡,Warm service
çƒ­æƒ… æœåŠ¡å‘˜,Enthusiastic waiter
çƒ­æƒ… æœåŠ¡ç”Ÿ,Passionate waiter
çƒ­æƒ… ç¯å¢ƒ,Warm environment
çƒ­æƒ… çœ¼,Passion eye
çƒ­æƒ… ç¤¼è²Œ,Warm and polite
çƒ­æƒ… è€æ¿,Enthusiastic boss
çƒ­æƒ… è€çˆ·çˆ·,Passion grandpa
çƒ­æƒ… è‹±è¯­,Passion English
çƒ­æƒ… è¡Œæå‘˜,Passionate Bellman
çƒ­æƒ… é…’åº—,Passion hotel
çƒ­æƒ… é˜¿å§¨,Passionate aunt
ç‰¹åˆ« æ£’,Very good
ç‰¹åˆ« çƒ­æƒ…,Particularly passionate
ç¯å¢ƒ,surroundings
çœ‹åˆ°,see
çœŸ æ£’,Awesome
çœŸå¿ƒ,sincere
çœŸå¿ƒ äº¤é€š,Sincere traffic
çœŸå¿ƒ ä½ç½®,True position
çœŸå¿ƒ å¤œæ™¯,True heart
çœŸå¿ƒ å¥½,Really good
çœŸå¿ƒ æ„Ÿè§‰,Really feel
çœŸå¿ƒ æˆ¿é—´,Sincere room
çœŸå¿ƒ æ¨è,Really recommend
çœŸå¿ƒ æ–¹ä¾¿,Really convenient
çœŸå¿ƒ æ¥¼ä¸‹,Sincerely downstairs
çœŸå¿ƒ ç¯å¢ƒ,Sincere environment
çœŸå¿ƒ ç¤¼è²Œ,Sincere and polite
çœŸå¿ƒ è´µ,Really expensive
çœŸå¿ƒ é…’åº—,True hotel
çª—,window
ç®—,Calculate
ç¹å ä¾¿åˆ©,Prosperous and convenient
çº¯ æ—¥å¼,Pure Japanese
ç¾æ™¯,Beauty
ç¾é£Ÿ,Gourmet
è€,old
è€ ä¹…,Old
è€ äº”,Old five
è€ äºº,Old man
è€ å„¿,Old man
è€ å…ˆç”Ÿ,Old sir
è€ å¤è‘£,Old antique
è€ å“ç‰Œ,Old brand
è€ åŸåŒº,old Town
è€ å¤–è§‚,Old appearance
è€ å¤«,Old man
è€ å®¢äºº,Old guest
è€ å®¶å…·,Old furniture
è€ å®¾é¦†,Old hotel
è€ å¸¦,Old belt
è€ åºŠå«,Old mattress
è€ åº—,Old shop
è€ å»ºç­‘,Old building
è€ æ„Ÿè§‰,Old feeling
è€ æˆ¿å­,old house
è€ æˆ¿é—´,Old room
è€ æ—¥æœ¬,Old japan
è€ æ—§,Old
è€ æ˜Ÿ,Old star
è€ æœåŠ¡,Old service
è€ æ ·å­,same as usual
è€ æ¥¼,Old building
è€ æ¬¾,old style
è€ ç‚¹,Old point
è€ çƒŸé¬¼,Old smoker
è€ çˆ·çˆ·,Old grandpa
è€ ç›¸å¯¹æ¯”,Old relative
è€ ç¡¬ä»¶,Old hardware
è€ è¡—,Old street
è€ è£…ä¿®,Old decoration
è€ è®¾å¤‡,Old equipment
è€ è®¾æ–½,Old facility
è€ é…’,Old wine
è€ é…’åº—,Old hotel
è€ é˜¿å§¨,Old aunt
è€ é£æ ¼,Old style
è€ é¥­åº—,Old hotel
è€ é¦†,Old hall
è€ é¼»å­,Old nose
èƒ½,can
èˆ’æœ,Comfortable
èˆ’æœ ä¸€,Comfortable one
èˆ’æœ ä¸€å¦‚æ—¢å¾€,Comfortable as always
èˆ’æœ ä¸‰,Comfortable three
èˆ’æœ äº§å“,Comfortable product
èˆ’æœ äºº,Comfortable
èˆ’æœ äººé—´,Comfortable
èˆ’æœ ä½,Comfortable live
èˆ’æœ ä½å®¿,Comfortable accommodation
èˆ’æœ ä½“éªŒ,Comfortable experience
èˆ’æœ å€¼å¾—,Comfortable worthy
èˆ’æœ å‡ºå·®,Comfortable
èˆ’æœ åŒºåŸŸ,Comfort zone
èˆ’æœ å«ç”Ÿ,Comfortable and hygienic
èˆ’æœ å«ç”Ÿé—´,Comfortable toilet
èˆ’æœ åƒ,Comfortable eating
èˆ’æœ å‘¨è¾¹,Comfortable
èˆ’æœ å“,Comfortable
èˆ’æœ åœ°æ–¹,Comfortable place
èˆ’æœ å,Comfortable sitting
èˆ’æœ å¤§å ‚,Comfortable lobby
èˆ’æœ å¥½,Comfortable good
èˆ’æœ å­,Comfortable
èˆ’æœ å­©å­,Comfortable child
èˆ’æœ å®å®,Comfortable baby
èˆ’æœ å®¢æˆ¿,Comfortable rooms
èˆ’æœ å¯å…·,Comfortable bedding
èˆ’æœ å¸¦,Comfortable
èˆ’æœ å¹²å‡€,Comfortable and clean
èˆ’æœ åºŠ,Comfortable bed
èˆ’æœ åºŠå«,Comfortable mattress
èˆ’æœ åºŠé“º,Comfortable bed
èˆ’æœ å¿ƒé‡Œ,Comfortable
èˆ’æœ æ„Ÿè§‰,Comfortable feeling
èˆ’æœ æˆ¿,Comfortable room
èˆ’æœ æˆ¿é—´,Comfortable room
èˆ’æœ æ‹–é‹,Comfortable slippers
èˆ’æœ æŒ‰æ‘©,Comfortable massage
èˆ’æœ æŒ‰æ‘©æ¤…,Comfortable massage chair
èˆ’æœ æ•´ä½“,Comfortable overall
èˆ’æœ æ—…è¡Œ,Comfortable travel
èˆ’æœ æ—©é¤,Comfortable breakfast
èˆ’æœ æœåŠ¡,Comfortable service
èˆ’æœ æ•å¤´,Comfortable pillow
èˆ’æœ æ¦»æ¦»ç±³,Comfortable tatami
èˆ’æœ æ± ,Comfortable pool
èˆ’æœ æ±¤,Comfortable soup
èˆ’æœ æ²™å‘,Comfortable sofa
èˆ’æœ æ²™å‘åºŠ,Comfortable sofa bed
èˆ’æœ æ³¡,Comfortable
èˆ’æœ æ³¡æ±¤,Comfortable
èˆ’æœ æ³¡æ³¡,Comfortable
èˆ’æœ æ³¡æ³¡æ¾¡,Comfortable bubble bath
èˆ’æœ æ³¡æ¾¡,Comfortable bath
èˆ’æœ æ´—,Comfortable wash
èˆ’æœ æ´—æ¼±,Comfortable
èˆ’æœ æµ´åœº,Comfortable
èˆ’æœ æµ´å®¤,Comfortable bathroom
èˆ’æœ æµ´ç¼¸,Comfortable bathtub
èˆ’æœ æµ·é£,Comfortable
èˆ’æœ æ·‹æµ´,Comfortable shower
èˆ’æœ æ¸©æ³‰,Comfortable
èˆ’æœ æ¾¡å ‚,Comfortable
èˆ’æœ ç‚¹,Be comfortable
èˆ’æœ ç¯å¢ƒ,Comfortable environment
èˆ’æœ ç”¨å“,Comfortable
èˆ’æœ çœŸ,Comfortable really
èˆ’æœ ç¡,Comfortable sleep
èˆ’æœ ç¡è¡£,Comfortable pajamas
èˆ’æœ ç©ºé—´,Comfortable space
èˆ’æœ è‚šå­,Comfortable belly
èˆ’æœ è‰²è°ƒ,Comfortable tone
èˆ’æœ è¡Œèµ°,Comfortable walking
èˆ’æœ è¢«å­,Comfortable quilt
èˆ’æœ è¢«è¤¥,Comfortable
èˆ’æœ è£…ä¿®,Comfortable decoration
èˆ’æœ è®¾æ–½,Comfortable facilities
èˆ’æœ é…’åº—,Comfortable hotel
èˆ’æœ é©¬æ¡¶,Comfortable toilet
èˆ¬ ä¾¿åˆ©,So convenient
èŠ±å›­,garden
è¥¿å¼ æ—¥å¼,Western style Japanese style
è§,see
è®¢,Order
è¯´,Say
è´­ç‰©,shopping
èµ,awesome
èµ¤å‚,Akasaka
è¶…çº§ ä¾¿åˆ©,Super convenient
è¶…çº§ å¤š,Super much
è¶…çº§ å¤§,Super big
è¶…çº§ å¥½åƒ,Super delicious
è¶…çº§ æ£’,Excellent
è¶…çº§ çƒ­æƒ…,Super passion
è·ç¦»,distance
è¾¹,side
è¿‡,Pass
è¿‘,near
è¿‘ ã‚¢ãƒ¡,Near ã‚¢ãƒ¡
è¿‘ ä¸€,Nearly one
è¿‘ ä¸è¶³,Nearly insufficient
è¿‘ ä¸é”™,Near good
è¿‘ ä¸“å–åº—,Near specialty store
è¿‘ ä¸œå£,Near East Exit
è¿‘ ä¸­å¿ƒ,Near center
è¿‘ ä¸¹,Near Dan
è¿‘ ä¸»è¦,Near main
è¿‘ ä¹å›­,Near paradise
è¿‘ ä¹ç”ºç«™,Near Rakucho Station
è¿‘ äº¤é€š,Near traffic
è¿‘ äº¬éƒ½å¡”,Near Kyoto Tower
è¿‘ äº¬éƒ½ç«™,Near Kyoto Station
è¿‘ ä»€ä¹ˆ,Near what
è¿‘ ä»“åº“,Near warehouse
è¿‘ ä¼˜,Near excellent
è¿‘ ä¼˜åŠ¿,Near advantage
è¿‘ ä¼˜ç‚¹,Near advantages
è¿‘ ä½ç½®,Near position
è¿‘ ä½è´ºç«™,Near Saga Station
è¿‘ ä¾¿åˆ©åº—,Near convenience store
è¿‘ å…¨å®¶,Near the whole family
è¿‘ å…¬äº¤è½¦,Near the bus
è¿‘ å…¬å¸,Near company
è¿‘ å…¬å›­,Near the park
è¿‘ å…³é”®,Near key
è¿‘ å†…çº¿,Near inside
è¿‘ å‡ºå£,Near exit
è¿‘ å‡ºæ¥,Near out
è¿‘ å‡ºç«™å£,Near the exit
è¿‘ å‰å°,Near the front desk
è¿‘ å‰ç«™,Near front station
è¿‘ åŒº,Near zone
è¿‘ åŒºåŸŸ,Near area
è¿‘ åšå¤šç«™,Near Hakata Station
è¿‘ åšç‰©é¦†,Near museum
è¿‘ å«ç”Ÿ,Near hygiene
è¿‘ å…,Near the hall
è¿‘ åŸå®¿,Near Harajuku
è¿‘ å‹,Close friend
è¿‘ å£,Near mouth
è¿‘ å‘¨å›´,Around
è¿‘ å‘¨è¾¹,Near
è¿‘ å“å·ç«™,Near Shinagawa Station
è¿‘ å•†ä¸šåŒº,Near commercial area
è¿‘ å•†ä¸šè¡—,Near commercial street
è¿‘ å•†åœˆ,Near business district
è¿‘ å•†åœº,Near the mall
è¿‘ å•†åº—,Near store
è¿‘ å–œ,Near hi
è¿‘ å›¾,Close figure
è¿‘ åœ°,Near ground
è¿‘ åœ°åŒº,Near area
è¿‘ åœ°æ–¹,Near place
è¿‘ åœ°ç‚¹,Near location
è¿‘ åœ°é“,Near subway
è¿‘ åœ°é“å£,Near the subway exit
è¿‘ åœ°é“ç«™,Near subway station
è¿‘ åœº,Near field
è¿‘ åœºç«™,Near field station
è¿‘ åŸ,Near city
è¿‘ å €,Near Hori
è¿‘ å¡”,Near tower
è¿‘ å¤œæ™¯,Close up
è¿‘ å¤§å­¦,Near university
è¿‘ å¤§å·´,Near the bus
è¿‘ å¤§é˜ªç«™,Near Osaka Station
è¿‘ å¥½,Near good
è¿‘ å¥½å¤„,Near benefits
è¿‘ å¦†åº—,Near makeup shop
è¿‘ å®ƒ,Near it
è¿‘ å®¾é¦†,Near hotel
è¿‘ å®¿,Near lodging
è¿‘ å¯¹é¢,Near opposite
è¿‘ å¯º,Near temple
è¿‘ å°å°,Near little
è¿‘ å°è·¯,Near path
è¿‘ å±‹,Near house
è¿‘ å±•è§ˆé¦†,Near the exhibition hall
è¿‘ å±•é¦†,Near the exhibition hall
è¿‘ å±±,Near mountain
è¿‘ å´›,Near rise
è¿‘ å´›å¿ƒæ–‹æ¡¥,Near Horshinsaibashi
è¿‘ å·´å£«,Near the bus
è¿‘ å·´å£«ç«™,Near the bus stop
è¿‘ å¸‚ä¸­å¿ƒ,Near city center
è¿‘ å¸‚åœº,Near market
è¿‘ å¸Œå°”é¡¿,Near Hilton
è¿‘ åº—,Near shop
è¿‘ æ€»ç«™,Near terminus
è¿‘ æ„Ÿè§‰,Close feeling
è¿‘ æˆ¿é—´,Near room
è¿‘ æ˜,Near dig
è¿‘ æ–°å®¿ç«™,Near Shinjuku Station
è¿‘ æ–¹ä¾¿,Near convenient
è¿‘ æ–¹é¢,Near aspect
è¿‘ æ—è¾¹,Near by
è¿‘ æ—…é¦†,Near hotel
è¿‘ æ—¥èˆª,Near JAL
è¿‘ æ™šä¸Š,Near night
è¿‘ æ™¯ç‚¹,Near Attractions
è¿‘ æœåŠ¡,Near service
è¿‘ æœ­å£,Near the gate
è¿‘ æœ­å¹Œç«™,Near Sapporo Station
è¿‘ æœºåœº,Near the airport
è¿‘ æ‘,Near the village
è¿‘ æ ‘,Near tree
è¿‘ æ¡¥,Near bridge
è¿‘ æ¢…ç”°,Near Umeda
è¿‘ æ¥¼ä¸‹,Near downstairs
è¿‘ æ­¥è¡Œ,Near walk
è¿‘ æ­¥è¡Œè¡—,Near pedestrian street
è¿‘ æ¯›,Near hair
è¿‘ æ± è¢‹ç«™,Near Ikebukuro Station
è¿‘ æ³¢,Near wave
è¿‘ æ³¢çº¿,Near wave line
è¿‘ æµ·æ»©,Near beach
è¿‘ æµ·è¾¹,Near the sea
è¿‘ æ¸©æ³‰,Near hot spring
è¿‘ æ¸¯å£,Near port
è¿‘ ç«è½¦ç«™,Near the train station
è¿‘ ç‚¹,near-point
è¿‘ ç†Šæœ¬åŸ,Near Kumamoto Castle
è¿‘ ç‰¹åˆ«,Near special
è¿‘ ç‹¸å°è·¯,Near Tanukikoji
è¿‘ ç­è½¦,Near Shuttle
è¿‘ ç”°,Near field
è¿‘ ç”µè§†å°,Near TV station
è¿‘ ç”µè§†å¡”,Near TV Tower
è¿‘ ç”µè½¦,Near tram
è¿‘ ç™¾è´§,Near department store
è¿‘ ç™¾è´§åº—,Near department store
è¿‘ çš‡å±…,Near Imperial Palace
è¿‘ çœŸ,Near true
è¿‘ ç¤¾,Near society
è¿‘ ç¥ç¤¾,Near shrine
è¿‘ ç¦»,Close away
è¿‘ ç§‹å¶åŸ,Near Akihabara
è¿‘ ç«™,Near station
è¿‘ çº¿,Near line
è¿‘ ç¼†è½¦,Near the cable car
è¿‘ ç¼ºç‚¹,Shortcomings
è¿‘ ç½—æ£®,Near Rosen
è¿‘ ç¾,Near beauty
è¿‘ ç¾é£Ÿè¡—,Near Food Street
è¿‘ ç¾¤,Near group
è¿‘ è·,Near Dutch
è¿‘ è¡—,Near street
è¿‘ è¥¿,Near West
è¿‘ è¥¿å£,Near West Exit
è¿‘ è®¾æ–½,Near facility
è¿‘ è¯,Near words
è¿‘ è´­ç‰©,Near shopping
è¿‘ èµ°èµ°,Close
è¿‘ è¶…å¸‚,Near supermarket
è¿‘ è·ç¦»,Close range
è¿‘ è·¯,Short way
è¿‘ è·¯ç¨‹,Near distance
è¿‘ è½¦ç«™,Near the station
è¿‘ è½®,Near round
è¿‘ è¾¹ä¸Š,Near side
è¿‘ è¿™é‡Œ,Near here
è¿‘ é€š,Near pass
è¿‘ é“é¡¿å €,Near Dotonbori
è¿‘ é“é¡¿å´›,Near Dotonbori
è¿‘ é—æ†¾,Almost regret
è¿‘ é…’åº—,Near hotel
è¿‘ é‡è¦,Nearly important
è¿‘ é‰„å¡”,Near Railway Tower
è¿‘ é“,Kintetsu
è¿‘ é“å¡”,Near the tower
è¿‘ é“çº¿,Kintetsu Line
è¿‘ é“è·¯,Near railway
è¿‘ é“¶åº§,Near Ginza
è¿‘ é—¨,Near door
è¿‘ é™„,Close to
è¿‘ é™„è¿‘,Near near
è¿‘ é›¢åœ°éµç«™,Close to the subway station
è¿‘ éœ€è¦,Near need
è¿‘ é¡¿å €,Near Tombori
è¿‘ é¡¿å´›,Near Tobori
è¿‘ é¡¿æŒ«,Nearly frustrated
è¿‘ é¡¿è§‰,Near suddenly
è¿‘ é£æœºåœº,Near the airport
è¿‘ é£Ÿç‰©,Near food
è¿‘ é¤å…,Near the restaurant
è¿‘ é¤é¥®,Near Dining
è¿‘ é¦†å­,Near restaurant
è¿‘ é©¬é£Ÿç”ºç«™,Near Masashicho Station
è¿‘ ğŸ‘Œ,Near ğŸ‘Œ
è¿œ,far
è¿œ ä¸è¶³,Far insufficient
è¿œ ä¸­å¿ƒ,Far center
è¿œ ä¹å›­,Far paradise
è¿œ äº¤é€š,Far traffic
è¿œ äº¬éƒ½ç«™,Far from Kyoto Station
è¿œ ä½ç½®,Far location
è¿œ å…¬å›­,Far park
è¿œ å‡ºå£,Far exit
è¿œ å«ç”Ÿ,Far health
è¿œ åé¢,Far behind
è¿œ å‘¨å›´,Far around
è¿œ å•†ä¸šåŒº,Business district
è¿œ å•†ä¸šè¡—,Far commercial street
è¿œ å•†åœº,Far away
è¿œ å•†åŸ,Far mall
è¿œ åœ°æ–¹,Far place
è¿œ åœ°æ®µ,Far away
è¿œ åœ°ç‚¹,Far location
è¿œ åœ°é“,Far subway
è¿œ åœ°é“å£,Far away
è¿œ åœ°é“ç«™,Far subway station
è¿œ åœº,Far field
è¿œ åŸ,Far city
è¿œ å ºä¸œç«™,Far Sakai East Station
è¿œ å¡”æ¥¼,Far tower
è¿œ å¤„,far away
è¿œ å¤§å·´,Far bus
è¿œ å¤§é˜ªåŸ,Far osaka castle
è¿œ å¤©æ¡¥,Far flyover
è¿œ å¯¹é¢,Far opposite
è¿œ å¯º,Far temple
è¿œ å±‹,Far house
è¿œ å±±,Far mountain
è¿œ å·®,Far poor
è¿œ å¸‚ä¸­å¿ƒ,Far downtown
è¿œ å¸‚åŒº,Far downtown
è¿œ åº—,Far shop
è¿œ æˆ¿é—´,Far room
è¿œ æ‹‰é¢,Far ramen
è¿œ æ–°å®¿ç«™,Far Shinjuku Station
è¿œ æ—è¾¹,Far side
è¿œ æ™¯ç‚¹,Far away
è¿œ æœåŠ¡,Far service
è¿œ æœ­å¹Œç«™,Sapporo Station
è¿œ æœºåœº,Far airport
è¿œ æ¡¥,Far bridge
è¿œ æ¥¼ä¸‹,Far downstairs
è¿œ æ­¥è¡Œ,Far walk
è¿œ æ³¢,Far wave
è¿œ æ¸…æ°´å¯º,Far Kiyomizu Temple
è¿œ ç«è½¦ç«™,Far away
è¿œ ç‚¹,Further
è¿œ ç™¾è´§,Far away
è¿œ ç å¤´,Far pier
è¿œ ç«™,Far station
è¿œ çº¿,Far line
è¿œ ç¼ºç‚¹,Far disadvantage
è¿œ ç¾é£Ÿ,Far away
è¿œ è¡—,Far street
è¿œ è¯,Far away
è¿œ è´­ç‰©,Far shopping
è¿œ èµ°,Far away
è¿œ è¶…å¸‚,Far supermarket
è¿œ è·ç¦»,Far distance
è¿œ è·¯,Far way
è¿œ è·¯ç¨‹,Far distance
è¿œ è½¦ç«™,Far away
è¿œ è¿™é‡Œ,Far here
è¿œ é€š,Far pass
è¿œ é—æ†¾,Far sorry
è¿œ é‚£,Far that
è¿œ é…’åº—,Far hotel
è¿œ é“¶åº§,Far Ginza
è¿œ é—¨,Far door
è¿œ é—¨å£,Far doorway
è¿œ é¡¿å €,Far tombori
è¿œ é©¬è·¯,Far road
é€‰æ‹©,select
é‡Œ,in
é“¶åº§,Ginza
é—®é¢˜,problem
é™„è¿‘,nearby
é™ˆæ—§,obsolete
é™ˆæ—§ ä¸è¶³,Outdated and insufficient
é™ˆæ—§ å†…éƒ¨,Old interior
é™ˆæ—§ å®¢æˆ¿,Outdated rooms
é™ˆæ—§ å®¶å…·,Obsolete furniture
é™ˆæ—§ æ„Ÿè§‰,Stale feeling
é™ˆæ—§ æˆ¿é—´,Outdated room
é™ˆæ—§ æœ‰äº›,Outdated somewhat
é™ˆæ—§ æœåŠ¡,Obsolete service
é™ˆæ—§ ç‚¹,Stale point
é™ˆæ—§ è£…ä¿®,Old decoration
é™ˆæ—§ è®¾å¤‡,Obsolete equipment
é™ˆæ—§ è®¾æ–½,Obsolete facilities
é™ˆæ—§ é…’åº—,Outdated hotel
éœ€è¦,need
é£æ™¯,landscape
é¥­,rice
